0 verbose cli /opt/homebrew/Cellar/node/23.6.0/bin/node /opt/homebrew/bin/npm
1 info using npm@10.9.2
2 info using node@v23.6.0
3 silly config load:file:/opt/homebrew/lib/node_modules/npm/npmrc
4 silly config load:file:/Users/adecrown/Documents/Codex/2026-07-23/files-mentioned-by-the-user-build/outputs/problem-solvers-roadside-technician/.npmrc
5 silly config load:file:/Users/adecrown/.npmrc
6 silly config load:file:/opt/homebrew/etc/npmrc
7 verbose title npm install
8 verbose argv "install" "--cache" "./work-npm-cache"
9 verbose logfile logs-max:10 dir:/Users/adecrown/Documents/Codex/2026-07-23/files-mentioned-by-the-user-build/outputs/problem-solvers-roadside-technician/work-npm-cache/_logs/2026-07-23T23_20_27_473Z-
10 verbose logfile /Users/adecrown/Documents/Codex/2026-07-23/files-mentioned-by-the-user-build/outputs/problem-solvers-roadside-technician/work-npm-cache/_logs/2026-07-23T23_20_27_473Z-debug-0.log
11 silly logfile done cleaning log files
12 silly packumentCache heap:2197815296 maxSize:549453824 maxEntrySize:274726912
13 silly idealTree buildDeps
14 silly fetch manifest bcryptjs@^2.4.3
15 silly packumentCache full:https://registry.npmjs.org/bcryptjs cache-miss
16 http fetch GET 200 https://registry.npmjs.org/bcryptjs 134ms (cache miss)
17 silly packumentCache full:https://registry.npmjs.org/bcryptjs set size:undefined disposed:false
18 silly fetch manifest connect-mongo@^5.1.0
19 silly packumentCache full:https://registry.npmjs.org/connect-mongo cache-miss
20 http fetch GET 200 https://registry.npmjs.org/connect-mongo 60ms (cache miss)
21 silly packumentCache full:https://registry.npmjs.org/connect-mongo set size:undefined disposed:false
22 silly fetch manifest express-session@^1.18.1
23 silly packumentCache full:https://registry.npmjs.org/express-session cache-miss
24 http fetch GET 200 https://registry.npmjs.org/npm 222ms
25 http fetch GET 200 https://registry.npmjs.org/express-session 68ms (cache miss)
26 silly packumentCache full:https://registry.npmjs.org/express-session set size:undefined disposed:false
27 silly fetch manifest mongodb@>= 5.1.0 < 7
28 silly packumentCache full:https://registry.npmjs.org/mongodb cache-miss
29 http fetch GET 200 https://registry.npmjs.org/mongodb 110ms (cache miss)
30 silly packumentCache full:https://registry.npmjs.org/mongodb set size:undefined disposed:false
31 silly fetch manifest @aws-sdk/credential-providers@^3.188.0
32 silly packumentCache full:https://registry.npmjs.org/@aws-sdk%2fcredential-providers cache-miss
33 http fetch GET 200 https://registry.npmjs.org/@aws-sdk%2fcredential-providers 162ms (cache miss)
34 silly packumentCache full:https://registry.npmjs.org/@aws-sdk%2fcredential-providers set size:undefined disposed:false
35 silly fetch manifest @mongodb-js/zstd@^1.1.0 || ^2.0.0
36 silly packumentCache full:https://registry.npmjs.org/@mongodb-js%2fzstd cache-miss
37 http fetch GET 200 https://registry.npmjs.org/@mongodb-js%2fzstd 59ms (cache miss)
38 silly packumentCache full:https://registry.npmjs.org/@mongodb-js%2fzstd set size:undefined disposed:false
39 silly fetch manifest gcp-metadata@^5.2.0
40 silly packumentCache full:https://registry.npmjs.org/gcp-metadata cache-miss
41 http fetch GET 200 https://registry.npmjs.org/gcp-metadata 47ms (cache miss)
42 silly packumentCache full:https://registry.npmjs.org/gcp-metadata set size:undefined disposed:false
43 silly fetch manifest kerberos@^2.0.1
44 silly packumentCache full:https://registry.npmjs.org/kerberos cache-miss
45 http fetch GET 200 https://registry.npmjs.org/kerberos 49ms (cache miss)
46 silly packumentCache full:https://registry.npmjs.org/kerberos set size:undefined disposed:false
47 silly fetch manifest mongodb-client-encryption@>=6.0.0 <7
48 silly packumentCache full:https://registry.npmjs.org/mongodb-client-encryption cache-miss
49 http fetch GET 200 https://registry.npmjs.org/mongodb-client-encryption 68ms (cache miss)
50 silly packumentCache full:https://registry.npmjs.org/mongodb-client-encryption set size:undefined disposed:false
51 silly fetch manifest snappy@^7.3.2
52 silly packumentCache full:https://registry.npmjs.org/snappy cache-miss
53 http fetch GET 200 https://registry.npmjs.org/snappy 53ms (cache miss)
54 silly packumentCache full:https://registry.npmjs.org/snappy set size:undefined disposed:false
55 silly fetch manifest socks@^2.7.1
56 silly packumentCache full:https://registry.npmjs.org/socks cache-miss
57 http fetch GET 200 https://registry.npmjs.org/socks 57ms (cache miss)
58 silly packumentCache full:https://registry.npmjs.org/socks set size:undefined disposed:false
59 silly fetch manifest csurf@^1.11.0
60 silly packumentCache full:https://registry.npmjs.org/csurf cache-miss
61 http fetch GET 200 https://registry.npmjs.org/csurf 42ms (cache miss)
62 silly packumentCache full:https://registry.npmjs.org/csurf set size:undefined disposed:false
63 silly fetch manifest dotenv@^16.4.7
64 silly packumentCache full:https://registry.npmjs.org/dotenv cache-miss
65 http fetch GET 200 https://registry.npmjs.org/dotenv 64ms (cache miss)
66 silly packumentCache full:https://registry.npmjs.org/dotenv set size:undefined disposed:false
67 silly fetch manifest ejs@^3.1.10
68 silly packumentCache full:https://registry.npmjs.org/ejs cache-miss
69 http fetch GET 200 https://registry.npmjs.org/ejs 43ms (cache miss)
70 silly packumentCache full:https://registry.npmjs.org/ejs set size:undefined disposed:false
71 silly fetch manifest express@^4.21.2
72 silly packumentCache full:https://registry.npmjs.org/express cache-miss
73 http fetch GET 200 https://registry.npmjs.org/express 71ms (cache miss)
74 silly packumentCache full:https://registry.npmjs.org/express set size:undefined disposed:false
75 silly fetch manifest express-rate-limit@^7.4.1
76 silly packumentCache full:https://registry.npmjs.org/express-rate-limit cache-miss
77 http fetch GET 200 https://registry.npmjs.org/express-rate-limit 55ms (cache miss)
78 silly packumentCache full:https://registry.npmjs.org/express-rate-limit set size:undefined disposed:false
79 silly fetch manifest express-validator@^7.2.0
80 silly packumentCache full:https://registry.npmjs.org/express-validator cache-miss
81 http fetch GET 200 https://registry.npmjs.org/express-validator 75ms (cache miss)
82 silly packumentCache full:https://registry.npmjs.org/express-validator set size:undefined disposed:false
83 silly fetch manifest helmet@^8.0.0
84 silly packumentCache full:https://registry.npmjs.org/helmet cache-miss
85 http fetch GET 200 https://registry.npmjs.org/helmet 50ms (cache miss)
86 silly packumentCache full:https://registry.npmjs.org/helmet set size:undefined disposed:false
87 silly fetch manifest jsonwebtoken@^9.0.2
88 silly packumentCache full:https://registry.npmjs.org/jsonwebtoken cache-miss
89 http fetch GET 200 https://registry.npmjs.org/jsonwebtoken 58ms (cache miss)
90 silly packumentCache full:https://registry.npmjs.org/jsonwebtoken set size:undefined disposed:false
91 silly fetch manifest method-override@^3.0.0
92 silly packumentCache full:https://registry.npmjs.org/method-override cache-miss
93 http fetch GET 200 https://registry.npmjs.org/method-override 40ms (cache miss)
94 silly packumentCache full:https://registry.npmjs.org/method-override set size:undefined disposed:false
95 silly fetch manifest mongoose@^8.9.2
96 silly packumentCache full:https://registry.npmjs.org/mongoose cache-miss
97 http fetch GET 200 https://registry.npmjs.org/mongoose 149ms (cache miss)
98 silly packumentCache full:https://registry.npmjs.org/mongoose set size:undefined disposed:false
99 silly fetch manifest morgan@^1.10.0
100 silly packumentCache full:https://registry.npmjs.org/morgan cache-miss
101 http fetch GET 200 https://registry.npmjs.org/morgan 49ms (cache miss)
102 silly packumentCache full:https://registry.npmjs.org/morgan set size:undefined disposed:false
103 silly fetch manifest multer@^1.4.5-lts.1
104 silly packumentCache full:https://registry.npmjs.org/multer cache-miss
105 http fetch GET 200 https://registry.npmjs.org/multer 51ms (cache miss)
106 silly packumentCache full:https://registry.npmjs.org/multer set size:undefined disposed:false
107 silly fetch manifest nodemailer@^6.9.16
108 silly packumentCache full:https://registry.npmjs.org/nodemailer cache-miss
109 http fetch GET 200 https://registry.npmjs.org/nodemailer 64ms (cache miss)
110 silly packumentCache full:https://registry.npmjs.org/nodemailer set size:undefined disposed:false
111 silly fetch manifest stripe@^17.4.0
112 silly packumentCache full:https://registry.npmjs.org/stripe cache-miss
113 http fetch GET 200 https://registry.npmjs.org/stripe 113ms (cache miss)
114 silly packumentCache full:https://registry.npmjs.org/stripe set size:undefined disposed:false
115 silly fetch manifest xss@^1.0.15
116 silly packumentCache full:https://registry.npmjs.org/xss cache-miss
117 http fetch GET 200 https://registry.npmjs.org/xss 47ms (cache miss)
118 silly packumentCache full:https://registry.npmjs.org/xss set size:undefined disposed:false
119 silly fetch manifest nodemon@^3.1.9
120 silly packumentCache full:https://registry.npmjs.org/nodemon cache-miss
121 http fetch GET 200 https://registry.npmjs.org/nodemon 73ms (cache miss)
122 silly packumentCache full:https://registry.npmjs.org/nodemon set size:undefined disposed:false
123 silly placeDep ROOT bcryptjs@2.4.3 OK for: problem-solvers-roadside-technician@1.0.0 want: ^2.4.3
124 silly placeDep ROOT connect-mongo@5.1.0 OK for: problem-solvers-roadside-technician@1.0.0 want: ^5.1.0
125 silly placeDep ROOT mongodb@6.21.0 OK for: connect-mongo@5.1.0 want: >= 5.1.0 < 7
126 silly placeDep ROOT express-session@1.19.0 OK for: connect-mongo@5.1.0 want: ^1.17.1
127 silly placeDep ROOT csurf@1.11.0 OK for: problem-solvers-roadside-technician@1.0.0 want: ^1.11.0
128 silly placeDep ROOT dotenv@16.6.1 OK for: problem-solvers-roadside-technician@1.0.0 want: ^16.4.7
129 silly placeDep ROOT ejs@3.1.10 OK for: problem-solvers-roadside-technician@1.0.0 want: ^3.1.10
130 silly placeDep ROOT express@4.22.2 OK for: problem-solvers-roadside-technician@1.0.0 want: ^4.21.2
131 silly placeDep ROOT express-rate-limit@7.5.1 OK for: problem-solvers-roadside-technician@1.0.0 want: ^7.4.1
132 silly placeDep ROOT express-validator@7.3.2 OK for: problem-solvers-roadside-technician@1.0.0 want: ^7.2.0
133 silly placeDep ROOT helmet@8.3.0 OK for: problem-solvers-roadside-technician@1.0.0 want: ^8.0.0
134 silly placeDep ROOT jsonwebtoken@9.0.3 OK for: problem-solvers-roadside-technician@1.0.0 want: ^9.0.2
135 silly placeDep ROOT method-override@3.0.0 OK for: problem-solvers-roadside-technician@1.0.0 want: ^3.0.0
136 silly placeDep ROOT mongoose@8.24.1 OK for: problem-solvers-roadside-technician@1.0.0 want: ^8.9.2
137 silly placeDep ROOT morgan@1.11.0 OK for: problem-solvers-roadside-technician@1.0.0 want: ^1.10.0
138 silly placeDep ROOT multer@1.4.5-lts.2 OK for: problem-solvers-roadside-technician@1.0.0 want: ^1.4.5-lts.1
139 silly placeDep ROOT nodemailer@6.10.1 OK for: problem-solvers-roadside-technician@1.0.0 want: ^6.9.16
140 silly placeDep ROOT nodemon@3.1.14 OK for: problem-solvers-roadside-technician@1.0.0 want: ^3.1.9
141 silly placeDep ROOT stripe@17.7.0 OK for: problem-solvers-roadside-technician@1.0.0 want: ^17.4.0
142 silly placeDep ROOT xss@1.0.15 OK for: problem-solvers-roadside-technician@1.0.0 want: ^1.0.15
143 silly fetch manifest debug@^4.3.1
144 silly packumentCache full:https://registry.npmjs.org/debug cache-miss
145 silly fetch manifest kruptein@^3.0.0
146 silly packumentCache full:https://registry.npmjs.org/kruptein cache-miss
147 silly fetch manifest cookie@~0.7.2
148 silly packumentCache full:https://registry.npmjs.org/cookie cache-miss
149 silly fetch manifest cookie-signature@~1.0.7
150 silly packumentCache full:https://registry.npmjs.org/cookie-signature cache-miss
151 silly fetch manifest debug@~2.6.9
152 silly packumentCache full:https://registry.npmjs.org/debug cache-miss
153 silly fetch manifest depd@~2.0.0
154 silly packumentCache full:https://registry.npmjs.org/depd cache-miss
155 silly fetch manifest on-headers@~1.1.0
156 silly packumentCache full:https://registry.npmjs.org/on-headers cache-miss
157 http fetch GET 200 https://registry.npmjs.org/debug 42ms (cache miss)
158 silly packumentCache full:https://registry.npmjs.org/debug set size:undefined disposed:false
159 silly fetch manifest parseurl@~1.3.3
160 silly packumentCache full:https://registry.npmjs.org/parseurl cache-miss
161 http fetch GET 200 https://registry.npmjs.org/parseurl 41ms (cache miss)
162 silly packumentCache full:https://registry.npmjs.org/parseurl set size:undefined disposed:false
163 silly fetch manifest safe-buffer@~5.2.1
164 silly packumentCache full:https://registry.npmjs.org/safe-buffer cache-miss
165 http fetch GET 200 https://registry.npmjs.org/depd 111ms (cache miss)
166 silly packumentCache full:https://registry.npmjs.org/depd set size:undefined disposed:false
167 silly fetch manifest uid-safe@~2.1.5
168 silly packumentCache full:https://registry.npmjs.org/uid-safe cache-miss
169 http fetch GET 200 https://registry.npmjs.org/kruptein 127ms (cache miss)
170 silly packumentCache full:https://registry.npmjs.org/kruptein set size:undefined disposed:false
171 silly fetch manifest bson@^6.10.4
172 silly packumentCache full:https://registry.npmjs.org/bson cache-miss
173 http fetch GET 200 https://registry.npmjs.org/on-headers 129ms (cache miss)
174 silly packumentCache full:https://registry.npmjs.org/on-headers set size:undefined disposed:false
175 silly fetch manifest @mongodb-js/saslprep@^1.3.0
176 silly packumentCache full:https://registry.npmjs.org/@mongodb-js%2fsaslprep cache-miss
177 http fetch GET 200 https://registry.npmjs.org/cookie-signature 130ms (cache miss)
178 silly packumentCache full:https://registry.npmjs.org/cookie-signature set size:undefined disposed:false
179 silly fetch manifest mongodb-connection-string-url@^3.0.2
180 silly packumentCache full:https://registry.npmjs.org/mongodb-connection-string-url cache-miss
181 http fetch GET 200 https://registry.npmjs.org/cookie 133ms (cache miss)
182 silly packumentCache full:https://registry.npmjs.org/cookie set size:undefined disposed:false
183 silly fetch manifest csrf@3.1.0
184 silly packumentCache full:https://registry.npmjs.org/csrf cache-miss
185 http fetch GET 200 https://registry.npmjs.org/safe-buffer 48ms (cache miss)
186 silly packumentCache full:https://registry.npmjs.org/safe-buffer set size:undefined disposed:false
187 silly fetch manifest cookie@0.4.0
188 silly packumentCache full:https://registry.npmjs.org/cookie cache-miss
189 http cache https://registry.npmjs.org/cookie 4ms (cache hit)
190 silly packumentCache full:https://registry.npmjs.org/cookie set size:78274 disposed:false
191 silly fetch manifest http-errors@~1.7.3
192 silly packumentCache full:https://registry.npmjs.org/http-errors cache-miss
193 http fetch GET 200 https://registry.npmjs.org/debug 139ms (cache miss)
194 silly packumentCache full:https://registry.npmjs.org/debug set size:undefined disposed:false
195 silly fetch manifest cookie-signature@1.0.6
196 silly packumentCache full:https://registry.npmjs.org/cookie-signature cache-miss
197 http cache https://registry.npmjs.org/cookie-signature 2ms (cache hit)
198 silly packumentCache full:https://registry.npmjs.org/cookie-signature set size:21777 disposed:false
199 silly fetch manifest jake@^10.8.5
200 silly packumentCache full:https://registry.npmjs.org/jake cache-miss
201 http fetch GET 200 https://registry.npmjs.org/uid-safe 39ms (cache miss)
202 silly packumentCache full:https://registry.npmjs.org/uid-safe set size:undefined disposed:false
203 silly fetch manifest qs@~6.15.1
204 silly packumentCache full:https://registry.npmjs.org/qs cache-miss
205 http fetch GET 200 https://registry.npmjs.org/csrf 35ms (cache miss)
206 silly packumentCache full:https://registry.npmjs.org/csrf set size:undefined disposed:false
207 silly fetch manifest depd@2.0.0
208 silly packumentCache full:https://registry.npmjs.org/depd cache-miss
209 http fetch GET 200 https://registry.npmjs.org/mongodb-connection-string-url 39ms (cache miss)
210 silly packumentCache full:https://registry.npmjs.org/mongodb-connection-string-url set size:undefined disposed:false
211 silly fetch manifest etag@~1.8.1
212 silly packumentCache full:https://registry.npmjs.org/etag cache-miss
213 http cache https://registry.npmjs.org/depd 3ms (cache hit)
214 silly packumentCache full:https://registry.npmjs.org/depd set size:40182 disposed:false
215 silly fetch manifest send@~0.19.0
216 silly packumentCache full:https://registry.npmjs.org/send cache-miss
217 http fetch GET 200 https://registry.npmjs.org/@mongodb-js%2fsaslprep 53ms (cache miss)
218 silly packumentCache full:https://registry.npmjs.org/@mongodb-js%2fsaslprep set size:undefined disposed:false
219 silly fetch manifest vary@~1.1.2
220 silly packumentCache full:https://registry.npmjs.org/vary cache-miss
221 http fetch GET 200 https://registry.npmjs.org/http-errors 44ms (cache miss)
222 silly packumentCache full:https://registry.npmjs.org/http-errors set size:undefined disposed:false
223 silly fetch manifest debug@2.6.9
224 silly packumentCache full:https://registry.npmjs.org/debug cache-miss
225 http cache https://registry.npmjs.org/debug 1ms (cache hit)
226 silly packumentCache full:https://registry.npmjs.org/debug set size:195840 disposed:false
227 silly fetch manifest fresh@~0.5.2
228 silly packumentCache full:https://registry.npmjs.org/fresh cache-miss
229 http fetch GET 200 https://registry.npmjs.org/bson 65ms (cache miss)
230 silly packumentCache full:https://registry.npmjs.org/bson set size:undefined disposed:false
231 silly fetch manifest cookie@~0.7.1
232 silly packumentCache full:https://registry.npmjs.org/cookie cache-hit
233 silly fetch manifest accepts@~1.3.8
234 silly packumentCache full:https://registry.npmjs.org/accepts cache-miss
235 http fetch GET 200 https://registry.npmjs.org/jake 61ms (cache miss)
236 silly packumentCache full:https://registry.npmjs.org/jake set size:undefined disposed:false
237 silly fetch manifest methods@~1.1.2
238 silly packumentCache full:https://registry.npmjs.org/methods cache-miss
239 http fetch GET 200 https://registry.npmjs.org/etag 38ms (cache miss)
240 silly packumentCache full:https://registry.npmjs.org/etag set size:undefined disposed:false
241 silly fetch manifest type-is@~1.6.18
242 silly packumentCache full:https://registry.npmjs.org/type-is cache-miss
243 http fetch GET 200 https://registry.npmjs.org/vary 39ms (cache miss)
244 silly packumentCache full:https://registry.npmjs.org/vary set size:undefined disposed:false
245 silly fetch manifest statuses@~2.0.1
246 silly packumentCache full:https://registry.npmjs.org/statuses cache-miss
247 http fetch GET 200 https://registry.npmjs.org/send 50ms (cache miss)
248 silly packumentCache full:https://registry.npmjs.org/send set size:undefined disposed:false
249 silly fetch manifest encodeurl@~2.0.0
250 silly packumentCache full:https://registry.npmjs.org/encodeurl cache-miss
251 http fetch GET 200 https://registry.npmjs.org/qs 75ms (cache miss)
252 silly packumentCache full:https://registry.npmjs.org/qs set size:undefined disposed:false
253 silly fetch manifest proxy-addr@~2.0.7
254 silly packumentCache full:https://registry.npmjs.org/proxy-addr cache-miss
255 http fetch GET 200 https://registry.npmjs.org/fresh 43ms (cache miss)
256 silly packumentCache full:https://registry.npmjs.org/fresh set size:undefined disposed:false
257 silly fetch manifest body-parser@~1.20.5
258 silly packumentCache full:https://registry.npmjs.org/body-parser cache-miss
259 http fetch GET 200 https://registry.npmjs.org/accepts 53ms (cache miss)
260 silly packumentCache full:https://registry.npmjs.org/accepts set size:undefined disposed:false
261 silly fetch manifest escape-html@~1.0.3
262 silly packumentCache full:https://registry.npmjs.org/escape-html cache-miss
263 http fetch GET 200 https://registry.npmjs.org/methods 47ms (cache miss)
264 silly packumentCache full:https://registry.npmjs.org/methods set size:undefined disposed:false
265 silly fetch manifest http-errors@~2.0.0
266 silly packumentCache full:https://registry.npmjs.org/http-errors cache-miss
267 http cache https://registry.npmjs.org/http-errors 2ms (cache hit)
268 silly packumentCache full:https://registry.npmjs.org/http-errors set size:71987 disposed:false
269 silly fetch manifest on-finished@~2.4.1
270 silly packumentCache full:https://registry.npmjs.org/on-finished cache-miss
271 http fetch GET 200 https://registry.npmjs.org/type-is 51ms (cache miss)
272 silly packumentCache full:https://registry.npmjs.org/type-is set size:undefined disposed:false
273 silly fetch manifest safe-buffer@5.2.1
274 silly packumentCache full:https://registry.npmjs.org/safe-buffer cache-miss
275 http cache https://registry.npmjs.org/safe-buffer 2ms (cache hit)
276 silly packumentCache full:https://registry.npmjs.org/safe-buffer set size:41183 disposed:false
277 silly fetch manifest utils-merge@1.0.1
278 silly packumentCache full:https://registry.npmjs.org/utils-merge cache-miss
279 http fetch GET 200 https://registry.npmjs.org/encodeurl 45ms (cache miss)
280 silly packumentCache full:https://registry.npmjs.org/encodeurl set size:undefined disposed:false
281 silly fetch manifest content-type@~1.0.4
282 silly packumentCache full:https://registry.npmjs.org/content-type cache-miss
283 http fetch GET 200 https://registry.npmjs.org/statuses 47ms (cache miss)
284 silly packumentCache full:https://registry.npmjs.org/statuses set size:undefined disposed:false
285 silly fetch manifest finalhandler@~1.3.1
286 silly packumentCache full:https://registry.npmjs.org/finalhandler cache-miss
287 http fetch GET 200 https://registry.npmjs.org/proxy-addr 41ms (cache miss)
288 silly packumentCache full:https://registry.npmjs.org/proxy-addr set size:undefined disposed:false
289 silly fetch manifest range-parser@~1.2.1
290 silly packumentCache full:https://registry.npmjs.org/range-parser cache-miss
291 http fetch GET 200 https://registry.npmjs.org/body-parser 41ms (cache miss)
292 silly packumentCache full:https://registry.npmjs.org/body-parser set size:undefined disposed:false
293 silly fetch manifest serve-static@~1.16.2
294 silly packumentCache full:https://registry.npmjs.org/serve-static cache-miss
295 http fetch GET 200 https://registry.npmjs.org/on-finished 38ms (cache miss)
296 silly packumentCache full:https://registry.npmjs.org/on-finished set size:undefined disposed:false
297 silly fetch manifest array-flatten@1.1.1
298 silly packumentCache full:https://registry.npmjs.org/array-flatten cache-miss
299 http fetch GET 200 https://registry.npmjs.org/escape-html 42ms (cache miss)
300 silly packumentCache full:https://registry.npmjs.org/escape-html set size:undefined disposed:false
301 silly fetch manifest path-to-regexp@~0.1.12
302 silly packumentCache full:https://registry.npmjs.org/path-to-regexp cache-miss
303 http fetch GET 200 https://registry.npmjs.org/content-type 38ms (cache miss)
304 silly packumentCache full:https://registry.npmjs.org/content-type set size:undefined disposed:false
305 silly fetch manifest setprototypeof@1.2.0
306 silly packumentCache full:https://registry.npmjs.org/setprototypeof cache-miss
307 http fetch GET 200 https://registry.npmjs.org/utils-merge 48ms (cache miss)
308 silly packumentCache full:https://registry.npmjs.org/utils-merge set size:undefined disposed:false
309 silly fetch manifest cookie-signature@~1.0.6
310 silly packumentCache full:https://registry.npmjs.org/cookie-signature cache-hit
311 silly fetch manifest merge-descriptors@1.0.3
312 silly packumentCache full:https://registry.npmjs.org/merge-descriptors cache-miss
313 http fetch GET 200 https://registry.npmjs.org/finalhandler 43ms (cache miss)
314 silly packumentCache full:https://registry.npmjs.org/finalhandler set size:undefined disposed:false
315 silly fetch manifest content-disposition@~0.5.4
316 silly packumentCache full:https://registry.npmjs.org/content-disposition cache-miss
317 http fetch GET 200 https://registry.npmjs.org/range-parser 44ms (cache miss)
318 silly packumentCache full:https://registry.npmjs.org/range-parser set size:undefined disposed:false
319 silly fetch manifest lodash@^4.18.1
320 silly packumentCache full:https://registry.npmjs.org/lodash cache-miss
321 http fetch GET 200 https://registry.npmjs.org/serve-static 42ms (cache miss)
322 silly packumentCache full:https://registry.npmjs.org/serve-static set size:undefined disposed:false
323 silly fetch manifest validator@~13.15.23
324 silly packumentCache full:https://registry.npmjs.org/validator cache-miss
325 http fetch GET 200 https://registry.npmjs.org/array-flatten 44ms (cache miss)
326 silly packumentCache full:https://registry.npmjs.org/array-flatten set size:undefined disposed:false
327 silly fetch manifest ms@^2.1.1
328 silly packumentCache full:https://registry.npmjs.org/ms cache-miss
329 http fetch GET 200 https://registry.npmjs.org/setprototypeof 39ms (cache miss)
330 silly packumentCache full:https://registry.npmjs.org/setprototypeof set size:undefined disposed:false
331 silly fetch manifest jws@^4.0.1
332 silly packumentCache full:https://registry.npmjs.org/jws cache-miss
333 http fetch GET 200 https://registry.npmjs.org/path-to-regexp 53ms (cache miss)
334 silly packumentCache full:https://registry.npmjs.org/path-to-regexp set size:undefined disposed:false
335 silly fetch manifest semver@^7.5.4
336 silly packumentCache full:https://registry.npmjs.org/semver cache-miss
337 http fetch GET 200 https://registry.npmjs.org/merge-descriptors 41ms (cache miss)
338 silly packumentCache full:https://registry.npmjs.org/merge-descriptors set size:undefined disposed:false
339 silly fetch manifest lodash.once@^4.0.0
340 silly packumentCache full:https://registry.npmjs.org/lodash.once cache-miss
341 http fetch GET 200 https://registry.npmjs.org/content-disposition 41ms (cache miss)
342 silly packumentCache full:https://registry.npmjs.org/content-disposition set size:undefined disposed:false
343 silly fetch manifest lodash.includes@^4.3.0
344 silly packumentCache full:https://registry.npmjs.org/lodash.includes cache-miss
345 http fetch GET 200 https://registry.npmjs.org/lodash 42ms (cache miss)
346 silly packumentCache full:https://registry.npmjs.org/lodash set size:undefined disposed:false
347 silly fetch manifest lodash.isnumber@^3.0.3
348 silly packumentCache full:https://registry.npmjs.org/lodash.isnumber cache-miss
349 http fetch GET 200 https://registry.npmjs.org/validator 57ms (cache miss)
350 silly packumentCache full:https://registry.npmjs.org/validator set size:undefined disposed:false
351 silly fetch manifest lodash.isstring@^4.0.1
352 silly packumentCache full:https://registry.npmjs.org/lodash.isstring cache-miss
353 http fetch GET 200 https://registry.npmjs.org/ms 44ms (cache miss)
354 silly packumentCache full:https://registry.npmjs.org/ms set size:undefined disposed:false
355 silly fetch manifest lodash.isboolean@^3.0.3
356 silly packumentCache full:https://registry.npmjs.org/lodash.isboolean cache-miss
357 http fetch GET 200 https://registry.npmjs.org/lodash.once 39ms (cache miss)
358 silly packumentCache full:https://registry.npmjs.org/lodash.once set size:undefined disposed:false
359 silly fetch manifest lodash.isinteger@^4.0.4
360 silly packumentCache full:https://registry.npmjs.org/lodash.isinteger cache-miss
361 http fetch GET 200 https://registry.npmjs.org/jws 47ms (cache miss)
362 silly packumentCache full:https://registry.npmjs.org/jws set size:undefined disposed:false
363 silly fetch manifest lodash.isplainobject@^4.0.6
364 silly packumentCache full:https://registry.npmjs.org/lodash.isplainobject cache-miss
365 http fetch GET 200 https://registry.npmjs.org/lodash.includes 40ms (cache miss)
366 silly packumentCache full:https://registry.npmjs.org/lodash.includes set size:undefined disposed:false
367 silly fetch manifest debug@3.1.0
368 silly packumentCache full:https://registry.npmjs.org/debug cache-hit
369 silly fetch manifest parseurl@~1.3.2
370 silly packumentCache full:https://registry.npmjs.org/parseurl cache-miss
371 http cache https://registry.npmjs.org/parseurl 2ms (cache hit)
372 silly packumentCache full:https://registry.npmjs.org/parseurl set size:24148 disposed:false
373 silly fetch manifest ms@2.1.3
374 silly packumentCache full:https://registry.npmjs.org/ms cache-miss
375 http fetch GET 200 https://registry.npmjs.org/lodash.isnumber 39ms (cache miss)
376 silly packumentCache full:https://registry.npmjs.org/lodash.isnumber set size:undefined disposed:false
377 silly fetch manifest sift@17.1.3
378 silly packumentCache full:https://registry.npmjs.org/sift cache-miss
379 http cache https://registry.npmjs.org/ms 2ms (cache hit)
380 silly packumentCache full:https://registry.npmjs.org/ms set size:92208 disposed:false
381 silly fetch manifest mpath@0.9.0
382 silly packumentCache full:https://registry.npmjs.org/mpath cache-miss
383 http fetch GET 200 https://registry.npmjs.org/semver 57ms (cache miss)
384 silly packumentCache full:https://registry.npmjs.org/semver set size:undefined disposed:false
385 silly fetch manifest kareem@2.6.3
386 silly packumentCache full:https://registry.npmjs.org/kareem cache-miss
387 http fetch GET 200 https://registry.npmjs.org/lodash.isstring 35ms (cache miss)
388 silly packumentCache full:https://registry.npmjs.org/lodash.isstring set size:undefined disposed:false
389 silly fetch manifest mquery@5.0.0
390 silly packumentCache full:https://registry.npmjs.org/mquery cache-miss
391 http fetch GET 200 https://registry.npmjs.org/lodash.isboolean 44ms (cache miss)
392 silly packumentCache full:https://registry.npmjs.org/lodash.isboolean set size:undefined disposed:false
393 silly fetch manifest mongodb@~6.20.0
394 silly packumentCache full:https://registry.npmjs.org/mongodb cache-miss
395 http cache https://registry.npmjs.org/mongodb 6ms (cache hit)
396 silly packumentCache full:https://registry.npmjs.org/mongodb set size:4532352 disposed:false
397 silly fetch manifest basic-auth@~2.0.1
398 silly packumentCache full:https://registry.npmjs.org/basic-auth cache-miss
399 http fetch GET 200 https://registry.npmjs.org/lodash.isinteger 63ms (cache miss)
400 silly packumentCache full:https://registry.npmjs.org/lodash.isinteger set size:undefined disposed:false
401 silly fetch manifest xtend@^4.0.0
402 silly packumentCache full:https://registry.npmjs.org/xtend cache-miss
403 http fetch GET 200 https://registry.npmjs.org/lodash.isplainobject 63ms (cache miss)
404 silly packumentCache full:https://registry.npmjs.org/lodash.isplainobject set size:undefined disposed:false
405 silly fetch manifest busboy@^1.0.0
406 silly packumentCache full:https://registry.npmjs.org/busboy cache-miss
407 http fetch GET 200 https://registry.npmjs.org/mpath 57ms (cache miss)
408 silly packumentCache full:https://registry.npmjs.org/mpath set size:undefined disposed:false
409 silly fetch manifest mkdirp@^0.5.4
410 silly packumentCache full:https://registry.npmjs.org/mkdirp cache-miss
411 http fetch GET 200 https://registry.npmjs.org/kareem 54ms (cache miss)
412 silly packumentCache full:https://registry.npmjs.org/kareem set size:undefined disposed:false
413 silly fetch manifest type-is@^1.6.4
414 silly packumentCache full:https://registry.npmjs.org/type-is cache-miss
415 http fetch GET 200 https://registry.npmjs.org/mquery 53ms (cache miss)
416 silly packumentCache full:https://registry.npmjs.org/mquery set size:undefined disposed:false
417 silly fetch manifest append-field@^1.0.0
418 silly packumentCache full:https://registry.npmjs.org/append-field cache-miss
419 http cache https://registry.npmjs.org/type-is 3ms (cache hit)
420 silly packumentCache full:https://registry.npmjs.org/type-is set size:88614 disposed:false
421 silly fetch manifest concat-stream@^1.5.2
422 silly packumentCache full:https://registry.npmjs.org/concat-stream cache-miss
423 http fetch GET 200 https://registry.npmjs.org/sift 70ms (cache miss)
424 silly packumentCache full:https://registry.npmjs.org/sift set size:undefined disposed:false
425 silly fetch manifest object-assign@^4.1.1
426 silly packumentCache full:https://registry.npmjs.org/object-assign cache-miss
427 http fetch GET 200 https://registry.npmjs.org/concat-stream 43ms (cache miss)
428 silly packumentCache full:https://registry.npmjs.org/concat-stream set size:undefined disposed:false
429 silly fetch manifest debug@^4
430 silly packumentCache full:https://registry.npmjs.org/debug cache-hit
431 silly fetch manifest touch@^3.1.0
432 silly packumentCache full:https://registry.npmjs.org/touch cache-miss
433 http fetch GET 200 https://registry.npmjs.org/busboy 52ms (cache miss)
434 silly packumentCache full:https://registry.npmjs.org/busboy set size:undefined disposed:false
435 silly fetch manifest semver@^7.5.3
436 silly packumentCache full:https://registry.npmjs.org/semver cache-miss
437 http fetch GET 200 https://registry.npmjs.org/xtend 54ms (cache miss)
438 silly packumentCache full:https://registry.npmjs.org/xtend set size:undefined disposed:false
439 silly fetch manifest chokidar@^3.5.2
440 silly packumentCache full:https://registry.npmjs.org/chokidar cache-miss
441 http fetch GET 200 https://registry.npmjs.org/object-assign 43ms (cache miss)
442 silly packumentCache full:https://registry.npmjs.org/object-assign set size:undefined disposed:false
443 silly fetch manifest minimatch@^10.2.1
444 silly packumentCache full:https://registry.npmjs.org/minimatch cache-miss
445 http fetch GET 200 https://registry.npmjs.org/append-field 47ms (cache miss)
446 silly packumentCache full:https://registry.npmjs.org/append-field set size:undefined disposed:false
447 silly fetch manifest undefsafe@^2.0.5
448 silly packumentCache full:https://registry.npmjs.org/undefsafe cache-miss
449 http fetch GET 200 https://registry.npmjs.org/mkdirp 54ms (cache miss)
450 silly packumentCache full:https://registry.npmjs.org/mkdirp set size:undefined disposed:false
451 silly fetch manifest pstree.remy@^1.1.8
452 silly packumentCache full:https://registry.npmjs.org/pstree.remy cache-miss
453 http cache https://registry.npmjs.org/semver 3ms (cache hit)
454 silly packumentCache full:https://registry.npmjs.org/semver set size:246069 disposed:false
455 silly fetch manifest supports-color@^5.5.0
456 silly packumentCache full:https://registry.npmjs.org/supports-color cache-miss
457 http fetch GET 200 https://registry.npmjs.org/basic-auth 64ms (cache miss)
458 silly packumentCache full:https://registry.npmjs.org/basic-auth set size:undefined disposed:false
459 silly fetch manifest ignore-by-default@^1.0.1
460 silly packumentCache full:https://registry.npmjs.org/ignore-by-default cache-miss
461 http fetch GET 200 https://registry.npmjs.org/touch 38ms (cache miss)
462 silly packumentCache full:https://registry.npmjs.org/touch set size:undefined disposed:false
463 silly fetch manifest simple-update-notifier@^2.0.0
464 silly packumentCache full:https://registry.npmjs.org/simple-update-notifier cache-miss
465 http fetch GET 200 https://registry.npmjs.org/chokidar 49ms (cache miss)
466 silly packumentCache full:https://registry.npmjs.org/chokidar set size:undefined disposed:false
467 silly fetch manifest qs@^6.11.0
468 silly packumentCache full:https://registry.npmjs.org/qs cache-miss
469 http cache https://registry.npmjs.org/qs 1ms (cache hit)
470 silly packumentCache full:https://registry.npmjs.org/qs set size:360318 disposed:false
471 silly fetch manifest @types/node@>=8.1.0
472 silly packumentCache full:https://registry.npmjs.org/@types%2fnode cache-miss
473 http fetch GET 200 https://registry.npmjs.org/minimatch 54ms (cache miss)
474 silly packumentCache full:https://registry.npmjs.org/minimatch set size:undefined disposed:false
475 silly fetch manifest commander@^2.20.3
476 silly packumentCache full:https://registry.npmjs.org/commander cache-miss
477 http fetch GET 200 https://registry.npmjs.org/undefsafe 59ms (cache miss)
478 silly packumentCache full:https://registry.npmjs.org/undefsafe set size:undefined disposed:false
479 silly fetch manifest cssfilter@0.0.10
480 silly packumentCache full:https://registry.npmjs.org/cssfilter cache-miss
481 http fetch GET 200 https://registry.npmjs.org/pstree.remy 59ms (cache miss)
482 silly packumentCache full:https://registry.npmjs.org/pstree.remy set size:undefined disposed:false
483 http fetch GET 200 https://registry.npmjs.org/ignore-by-default 56ms (cache miss)
484 silly packumentCache full:https://registry.npmjs.org/ignore-by-default set size:undefined disposed:false
485 http fetch GET 200 https://registry.npmjs.org/supports-color 59ms (cache miss)
486 silly packumentCache full:https://registry.npmjs.org/supports-color set size:undefined disposed:false
487 http fetch GET 200 https://registry.npmjs.org/simple-update-notifier 39ms (cache miss)
488 silly packumentCache full:https://registry.npmjs.org/simple-update-notifier set size:undefined disposed:false
489 http fetch GET 200 https://registry.npmjs.org/cssfilter 43ms (cache miss)
490 silly packumentCache full:https://registry.npmjs.org/cssfilter set size:undefined disposed:false
491 http fetch GET 200 https://registry.npmjs.org/commander 62ms (cache miss)
492 silly packumentCache full:https://registry.npmjs.org/commander set size:undefined disposed:false
493 http fetch GET 200 https://registry.npmjs.org/@types%2fnode 216ms (cache miss)
494 silly packumentCache full:https://registry.npmjs.org/@types%2fnode set size:undefined disposed:false
495 silly placeDep ROOT debug@4.4.3 OK for: connect-mongo@5.1.0 want: ^4.3.1
496 silly placeDep ROOT kruptein@3.4.0 OK for: connect-mongo@5.1.0 want: ^3.0.0
497 silly fetch manifest ms@^2.1.3
498 silly packumentCache full:https://registry.npmjs.org/ms cache-hit
499 silly fetch manifest @jas-/asn.1@>=5
500 silly packumentCache full:https://registry.npmjs.org/@jas-%2fasn.1 cache-miss
501 http fetch GET 200 https://registry.npmjs.org/@jas-%2fasn.1 224ms (cache miss)
502 silly packumentCache full:https://registry.npmjs.org/@jas-%2fasn.1 set size:undefined disposed:false
503 silly placeDep ROOT cookie@0.4.0 OK for: csurf@1.11.0 want: 0.4.0
504 silly placeDep ROOT cookie-signature@1.0.6 OK for: csurf@1.11.0 want: 1.0.6
505 silly placeDep ROOT csrf@3.1.0 OK for: csurf@1.11.0 want: 3.1.0
506 silly placeDep ROOT http-errors@1.7.3 OK for: csurf@1.11.0 want: ~1.7.3
507 silly fetch manifest rndm@1.2.0
508 silly packumentCache full:https://registry.npmjs.org/rndm cache-miss
509 silly fetch manifest tsscmp@1.0.6
510 silly packumentCache full:https://registry.npmjs.org/tsscmp cache-miss
511 silly fetch manifest uid-safe@2.1.5
512 silly packumentCache full:https://registry.npmjs.org/uid-safe cache-miss
513 silly fetch manifest depd@~1.1.2
514 silly packumentCache full:https://registry.npmjs.org/depd cache-hit
515 silly fetch manifest inherits@2.0.4
516 silly packumentCache full:https://registry.npmjs.org/inherits cache-miss
517 silly fetch manifest statuses@>= 1.5.0 < 2
518 silly packumentCache full:https://registry.npmjs.org/statuses cache-miss
519 silly fetch manifest toidentifier@1.0.0
520 silly packumentCache full:https://registry.npmjs.org/toidentifier cache-miss
521 silly fetch manifest setprototypeof@1.1.1
522 silly packumentCache full:https://registry.npmjs.org/setprototypeof cache-miss
523 http cache https://registry.npmjs.org/setprototypeof 4ms (cache hit)
524 silly packumentCache full:https://registry.npmjs.org/setprototypeof set size:14532 disposed:false
525 http cache https://registry.npmjs.org/statuses 5ms (cache hit)
526 silly packumentCache full:https://registry.npmjs.org/statuses set size:37117 disposed:false
527 http cache https://registry.npmjs.org/uid-safe 7ms (cache hit)
528 silly packumentCache full:https://registry.npmjs.org/uid-safe set size:27213 disposed:false
529 http fetch GET 200 https://registry.npmjs.org/rndm 36ms (cache miss)
530 silly packumentCache full:https://registry.npmjs.org/rndm set size:undefined disposed:false
531 http fetch GET 200 https://registry.npmjs.org/inherits 43ms (cache miss)
532 silly packumentCache full:https://registry.npmjs.org/inherits set size:undefined disposed:false
533 http fetch GET 200 https://registry.npmjs.org/tsscmp 48ms (cache miss)
534 silly packumentCache full:https://registry.npmjs.org/tsscmp set size:undefined disposed:false
535 http fetch GET 200 https://registry.npmjs.org/toidentifier 47ms (cache miss)
536 silly packumentCache full:https://registry.npmjs.org/toidentifier set size:undefined disposed:false
537 silly placeDep ROOT rndm@1.2.0 OK for: csrf@3.1.0 want: 1.2.0
538 silly placeDep ROOT tsscmp@1.0.6 OK for: csrf@3.1.0 want: 1.0.6
539 silly placeDep ROOT uid-safe@2.1.5 OK for: csrf@3.1.0 want: 2.1.5
540 silly fetch manifest random-bytes@~1.0.0
541 silly packumentCache full:https://registry.npmjs.org/random-bytes cache-miss
542 http fetch GET 200 https://registry.npmjs.org/random-bytes 47ms (cache miss)
543 silly packumentCache full:https://registry.npmjs.org/random-bytes set size:undefined disposed:false
544 silly placeDep ROOT ms@2.1.3 OK for: debug@4.4.3 want: ^2.1.3
545 silly placeDep ROOT jake@10.9.4 OK for: ejs@3.1.10 want: ^10.8.5
546 silly fetch manifest async@^3.2.6
547 silly packumentCache full:https://registry.npmjs.org/async cache-miss
548 silly fetch manifest filelist@^1.0.4
549 silly packumentCache full:https://registry.npmjs.org/filelist cache-miss
550 silly fetch manifest picocolors@^1.1.1
551 silly packumentCache full:https://registry.npmjs.org/picocolors cache-miss
552 http fetch GET 200 https://registry.npmjs.org/picocolors 39ms (cache miss)
553 silly packumentCache full:https://registry.npmjs.org/picocolors set size:undefined disposed:false
554 http fetch GET 200 https://registry.npmjs.org/filelist 40ms (cache miss)
555 silly packumentCache full:https://registry.npmjs.org/filelist set size:undefined disposed:false
556 http fetch GET 200 https://registry.npmjs.org/async 48ms (cache miss)
557 silly packumentCache full:https://registry.npmjs.org/async set size:undefined disposed:false
558 silly placeDep ROOT accepts@1.3.8 OK for: express@4.22.2 want: ~1.3.8
559 silly placeDep ROOT array-flatten@1.1.1 OK for: express@4.22.2 want: 1.1.1
560 silly placeDep ROOT body-parser@1.20.6 OK for: express@4.22.2 want: ~1.20.5
561 silly placeDep ROOT content-disposition@0.5.4 OK for: express@4.22.2 want: ~0.5.4
562 silly placeDep ROOT content-type@1.0.5 OK for: express@4.22.2 want: ~1.0.4
563 silly placeDep node_modules/express cookie@0.7.2 OK for: express@4.22.2 want: ~0.7.1
564 silly placeDep node_modules/express debug@2.6.9 OK for: express@4.22.2 want: 2.6.9
565 silly placeDep ROOT depd@2.0.0 OK for: express@4.22.2 want: 2.0.0
566 silly placeDep ROOT encodeurl@2.0.0 OK for: express@4.22.2 want: ~2.0.0
567 silly placeDep ROOT escape-html@1.0.3 OK for: express@4.22.2 want: ~1.0.3
568 silly placeDep ROOT etag@1.8.1 OK for: express@4.22.2 want: ~1.8.1
569 silly placeDep ROOT finalhandler@1.3.2 OK for: express@4.22.2 want: ~1.3.1
570 silly placeDep ROOT fresh@0.5.2 OK for: express@4.22.2 want: ~0.5.2
571 silly placeDep node_modules/express http-errors@2.0.1 OK for: express@4.22.2 want: ~2.0.0
572 silly placeDep ROOT merge-descriptors@1.0.3 OK for: express@4.22.2 want: 1.0.3
573 silly placeDep ROOT methods@1.1.2 OK for: express@4.22.2 want: ~1.1.2
574 silly placeDep ROOT on-finished@2.4.1 OK for: express@4.22.2 want: ~2.4.1
575 silly placeDep ROOT parseurl@1.3.3 OK for: express@4.22.2 want: ~1.3.3
576 silly placeDep ROOT path-to-regexp@0.1.13 OK for: express@4.22.2 want: ~0.1.12
577 silly placeDep ROOT proxy-addr@2.0.7 OK for: express@4.22.2 want: ~2.0.7
578 silly placeDep ROOT qs@6.15.3 OK for: express@4.22.2 want: ~6.15.1
579 silly placeDep ROOT range-parser@1.2.1 OK for: express@4.22.2 want: ~1.2.1
580 silly placeDep ROOT safe-buffer@5.2.1 OK for: express@4.22.2 want: 5.2.1
581 silly placeDep ROOT send@0.19.2 OK for: express@4.22.2 want: ~0.19.0
582 silly placeDep ROOT serve-static@1.16.3 OK for: express@4.22.2 want: ~1.16.2
583 silly placeDep ROOT setprototypeof@1.2.0 OK for: express@4.22.2 want: 1.2.0
584 silly placeDep ROOT statuses@2.0.2 OK for: express@4.22.2 want: ~2.0.1
585 silly placeDep ROOT type-is@1.6.18 OK for: express@4.22.2 want: ~1.6.18
586 silly placeDep ROOT utils-merge@1.0.1 OK for: express@4.22.2 want: 1.0.1
587 silly placeDep ROOT vary@1.1.2 OK for: express@4.22.2 want: ~1.1.2
588 silly fetch manifest mime-types@~2.1.34
589 silly packumentCache full:https://registry.npmjs.org/mime-types cache-miss
590 silly fetch manifest negotiator@0.6.3
591 silly packumentCache full:https://registry.npmjs.org/negotiator cache-miss
592 silly fetch manifest bytes@~3.1.2
593 silly packumentCache full:https://registry.npmjs.org/bytes cache-miss
594 silly fetch manifest unpipe@~1.0.0
595 silly packumentCache full:https://registry.npmjs.org/unpipe cache-miss
596 silly fetch manifest destroy@~1.2.0
597 silly packumentCache full:https://registry.npmjs.org/destroy cache-miss
598 silly fetch manifest raw-body@~2.5.3
599 silly packumentCache full:https://registry.npmjs.org/raw-body cache-miss
600 silly fetch manifest iconv-lite@~0.4.24
601 silly packumentCache full:https://registry.npmjs.org/iconv-lite cache-miss
602 http fetch GET 200 https://registry.npmjs.org/unpipe 52ms (cache miss)
603 silly packumentCache full:https://registry.npmjs.org/unpipe set size:undefined disposed:false
604 silly fetch manifest http-errors@~2.0.1
605 silly packumentCache full:https://registry.npmjs.org/http-errors cache-hit
606 silly fetch manifest content-type@~1.0.5
607 silly packumentCache full:https://registry.npmjs.org/content-type cache-miss
608 http fetch GET 200 https://registry.npmjs.org/negotiator 53ms (cache miss)
609 silly packumentCache full:https://registry.npmjs.org/negotiator set size:undefined disposed:false
610 silly fetch manifest ms@2.0.0
611 silly packumentCache full:https://registry.npmjs.org/ms cache-hit
612 silly fetch manifest statuses@~2.0.2
613 silly packumentCache full:https://registry.npmjs.org/statuses cache-hit
614 silly fetch manifest inherits@~2.0.4
615 silly packumentCache full:https://registry.npmjs.org/inherits cache-miss
616 http fetch GET 200 https://registry.npmjs.org/destroy 54ms (cache miss)
617 silly packumentCache full:https://registry.npmjs.org/destroy set size:undefined disposed:false
618 silly fetch manifest setprototypeof@~1.2.0
619 silly packumentCache full:https://registry.npmjs.org/setprototypeof cache-hit
620 silly fetch manifest toidentifier@~1.0.1
621 silly packumentCache full:https://registry.npmjs.org/toidentifier cache-miss
622 http fetch GET 200 https://registry.npmjs.org/bytes 55ms (cache miss)
623 silly packumentCache full:https://registry.npmjs.org/bytes set size:undefined disposed:false
624 silly fetch manifest ee-first@1.1.1
625 silly packumentCache full:https://registry.npmjs.org/ee-first cache-miss
626 http fetch GET 200 https://registry.npmjs.org/raw-body 56ms (cache miss)
627 silly packumentCache full:https://registry.npmjs.org/raw-body set size:undefined disposed:false
628 silly fetch manifest forwarded@0.2.0
629 silly packumentCache full:https://registry.npmjs.org/forwarded cache-miss
630 http fetch GET 200 https://registry.npmjs.org/iconv-lite 57ms (cache miss)
631 silly packumentCache full:https://registry.npmjs.org/iconv-lite set size:undefined disposed:false
632 silly fetch manifest ipaddr.js@1.9.1
633 silly packumentCache full:https://registry.npmjs.org/ipaddr.js cache-miss
634 http fetch GET 200 https://registry.npmjs.org/mime-types 60ms (cache miss)
635 silly packumentCache full:https://registry.npmjs.org/mime-types set size:undefined disposed:false
636 silly fetch manifest side-channel@^1.1.1
637 silly packumentCache full:https://registry.npmjs.org/side-channel cache-miss
638 http cache https://registry.npmjs.org/content-type 9ms (cache hit)
639 silly packumentCache full:https://registry.npmjs.org/content-type set size:18994 disposed:false
640 silly fetch manifest es-define-property@^1.0.1
641 silly packumentCache full:https://registry.npmjs.org/es-define-property cache-miss
642 http cache https://registry.npmjs.org/toidentifier 8ms (cache hit)
643 silly packumentCache full:https://registry.npmjs.org/toidentifier set size:12006 disposed:false
644 silly fetch manifest mime@1.6.0
645 silly packumentCache full:https://registry.npmjs.org/mime cache-miss
646 http cache https://registry.npmjs.org/inherits 9ms (cache hit)
647 silly packumentCache full:https://registry.npmjs.org/inherits set size:12925 disposed:false
648 silly fetch manifest destroy@1.2.0
649 silly packumentCache full:https://registry.npmjs.org/destroy cache-miss
650 http cache https://registry.npmjs.org/destroy 2ms (cache hit)
651 silly packumentCache full:https://registry.npmjs.org/destroy set size:15738 disposed:false
652 silly fetch manifest mime-types@~2.1.24
653 silly packumentCache full:https://registry.npmjs.org/mime-types cache-miss
654 http cache https://registry.npmjs.org/mime-types 1ms (cache hit)
655 silly packumentCache full:https://registry.npmjs.org/mime-types set size:139110 disposed:false
656 silly fetch manifest media-typer@0.3.0
657 silly packumentCache full:https://registry.npmjs.org/media-typer cache-miss
658 http fetch GET 200 https://registry.npmjs.org/forwarded 33ms (cache miss)
659 silly packumentCache full:https://registry.npmjs.org/forwarded set size:undefined disposed:false
660 http fetch GET 200 https://registry.npmjs.org/ee-first 41ms (cache miss)
661 silly packumentCache full:https://registry.npmjs.org/ee-first set size:undefined disposed:false
662 http fetch GET 200 https://registry.npmjs.org/side-channel 37ms (cache miss)
663 silly packumentCache full:https://registry.npmjs.org/side-channel set size:undefined disposed:false
664 http fetch GET 200 https://registry.npmjs.org/ipaddr.js 39ms (cache miss)
665 silly packumentCache full:https://registry.npmjs.org/ipaddr.js set size:undefined disposed:false
666 http fetch GET 200 https://registry.npmjs.org/es-define-property 39ms (cache miss)
667 silly packumentCache full:https://registry.npmjs.org/es-define-property set size:undefined disposed:false
668 http fetch GET 200 https://registry.npmjs.org/mime 43ms (cache miss)
669 silly packumentCache full:https://registry.npmjs.org/mime set size:undefined disposed:false
670 http fetch GET 200 https://registry.npmjs.org/media-typer 43ms (cache miss)
671 silly packumentCache full:https://registry.npmjs.org/media-typer set size:undefined disposed:false
672 silly placeDep ROOT mime-types@2.1.35 OK for: accepts@1.3.8 want: ~2.1.34
673 silly placeDep ROOT negotiator@0.6.3 OK for: accepts@1.3.8 want: 0.6.3
674 silly fetch manifest mime-db@1.52.0
675 silly packumentCache full:https://registry.npmjs.org/mime-db cache-miss
676 http fetch GET 200 https://registry.npmjs.org/mime-db 47ms (cache miss)
677 silly packumentCache full:https://registry.npmjs.org/mime-db set size:undefined disposed:false
678 silly placeDep ROOT bytes@3.1.2 OK for: body-parser@1.20.6 want: ~3.1.2
679 silly placeDep node_modules/body-parser debug@2.6.9 OK for: body-parser@1.20.6 want: 2.6.9
680 silly placeDep ROOT destroy@1.2.0 OK for: body-parser@1.20.6 want: ~1.2.0
681 silly placeDep node_modules/body-parser http-errors@2.0.1 OK for: body-parser@1.20.6 want: ~2.0.1
682 silly placeDep ROOT iconv-lite@0.4.24 OK for: body-parser@1.20.6 want: ~0.4.24
683 silly placeDep ROOT raw-body@2.5.3 OK for: body-parser@1.20.6 want: ~2.5.3
684 silly placeDep ROOT unpipe@1.0.0 OK for: body-parser@1.20.6 want: ~1.0.0
685 silly fetch manifest safer-buffer@>= 2.1.2 < 3
686 silly packumentCache full:https://registry.npmjs.org/safer-buffer cache-miss
687 http fetch GET 200 https://registry.npmjs.org/safer-buffer 37ms (cache miss)
688 silly packumentCache full:https://registry.npmjs.org/safer-buffer set size:undefined disposed:false
689 silly placeDep node_modules/express-session cookie@0.7.2 OK for: express-session@1.19.0 want: ~0.7.2
690 silly placeDep node_modules/express-session cookie-signature@1.0.7 OK for: express-session@1.19.0 want: ~1.0.7
691 silly placeDep node_modules/express-session debug@2.6.9 OK for: express-session@1.19.0 want: ~2.6.9
692 silly placeDep ROOT on-headers@1.1.0 OK for: express-session@1.19.0 want: ~1.1.0
693 silly placeDep ROOT lodash@4.18.1 OK for: express-validator@7.3.2 want: ^4.18.1
694 silly placeDep ROOT validator@13.15.35 OK for: express-validator@7.3.2 want: ~13.15.23
695 silly placeDep node_modules/finalhandler debug@2.6.9 OK for: finalhandler@1.3.2 want: 2.6.9
696 silly placeDep node_modules/http-errors depd@1.1.2 OK for: http-errors@1.7.3 want: ~1.1.2
697 silly placeDep ROOT inherits@2.0.4 OK for: http-errors@1.7.3 want: 2.0.4
698 silly placeDep node_modules/http-errors setprototypeof@1.1.1 OK for: http-errors@1.7.3 want: 1.1.1
699 silly placeDep node_modules/http-errors statuses@1.5.0 OK for: http-errors@1.7.3 want: >= 1.5.0 < 2
700 silly placeDep ROOT toidentifier@1.0.0 OK for: http-errors@1.7.3 want: 1.0.0
701 silly placeDep ROOT safer-buffer@2.1.2 OK for: iconv-lite@0.4.24 want: >= 2.1.2 < 3
702 silly placeDep ROOT async@3.2.6 OK for: jake@10.9.4 want: ^3.2.6
703 silly placeDep ROOT filelist@1.0.6 OK for: jake@10.9.4 want: ^1.0.4
704 silly placeDep ROOT picocolors@1.1.1 OK for: jake@10.9.4 want: ^1.1.1
705 silly fetch manifest minimatch@^5.0.1
706 silly packumentCache full:https://registry.npmjs.org/minimatch cache-miss
707 http cache https://registry.npmjs.org/minimatch 2ms (cache hit)
708 silly packumentCache full:https://registry.npmjs.org/minimatch set size:375282 disposed:false
709 silly placeDep ROOT minimatch@5.1.9 OK for: filelist@1.0.6 want: ^5.0.1
710 silly fetch manifest brace-expansion@^2.0.1
711 silly packumentCache full:https://registry.npmjs.org/brace-expansion cache-miss
712 http fetch GET 200 https://registry.npmjs.org/brace-expansion 38ms (cache miss)
713 silly packumentCache full:https://registry.npmjs.org/brace-expansion set size:undefined disposed:false
714 silly placeDep ROOT jws@4.0.1 OK for: jsonwebtoken@9.0.3 want: ^4.0.1
715 silly placeDep ROOT lodash.includes@4.3.0 OK for: jsonwebtoken@9.0.3 want: ^4.3.0
716 silly placeDep ROOT lodash.isboolean@3.0.3 OK for: jsonwebtoken@9.0.3 want: ^3.0.3
717 silly placeDep ROOT lodash.isinteger@4.0.4 OK for: jsonwebtoken@9.0.3 want: ^4.0.4
718 silly placeDep ROOT lodash.isnumber@3.0.3 OK for: jsonwebtoken@9.0.3 want: ^3.0.3
719 silly placeDep ROOT lodash.isplainobject@4.0.6 OK for: jsonwebtoken@9.0.3 want: ^4.0.6
720 silly placeDep ROOT lodash.isstring@4.0.1 OK for: jsonwebtoken@9.0.3 want: ^4.0.1
721 silly placeDep ROOT lodash.once@4.1.1 OK for: jsonwebtoken@9.0.3 want: ^4.0.0
722 silly placeDep ROOT semver@7.8.5 OK for: jsonwebtoken@9.0.3 want: ^7.5.4
723 silly fetch manifest jwa@^2.0.1
724 silly packumentCache full:https://registry.npmjs.org/jwa cache-miss
725 http fetch GET 200 https://registry.npmjs.org/jwa 42ms (cache miss)
726 silly packumentCache full:https://registry.npmjs.org/jwa set size:undefined disposed:false
727 silly placeDep ROOT jwa@2.0.1 OK for: jws@4.0.1 want: ^2.0.1
728 silly fetch manifest ecdsa-sig-formatter@1.0.11
729 silly packumentCache full:https://registry.npmjs.org/ecdsa-sig-formatter cache-miss
730 silly fetch manifest buffer-equal-constant-time@^1.0.1
731 silly packumentCache full:https://registry.npmjs.org/buffer-equal-constant-time cache-miss
732 http fetch GET 200 https://registry.npmjs.org/buffer-equal-constant-time 36ms (cache miss)
733 silly packumentCache full:https://registry.npmjs.org/buffer-equal-constant-time set size:undefined disposed:false
734 http fetch GET 200 https://registry.npmjs.org/ecdsa-sig-formatter 36ms (cache miss)
735 silly packumentCache full:https://registry.npmjs.org/ecdsa-sig-formatter set size:undefined disposed:false
736 silly placeDep ROOT buffer-equal-constant-time@1.0.1 OK for: jwa@2.0.1 want: ^1.0.1
737 silly placeDep ROOT ecdsa-sig-formatter@1.0.11 OK for: jwa@2.0.1 want: 1.0.11
738 silly placeDep ROOT @jas-/asn.1@5.4.2 OK for: kruptein@3.4.0 want: >=5
739 silly fetch manifest bn.js@>=5
740 silly packumentCache full:https://registry.npmjs.org/bn.js cache-miss
741 silly fetch manifest minimalistic-assert@>=1
742 silly packumentCache full:https://registry.npmjs.org/minimalistic-assert cache-miss
743 http fetch GET 200 https://registry.npmjs.org/minimalistic-assert 42ms (cache miss)
744 silly packumentCache full:https://registry.npmjs.org/minimalistic-assert set size:undefined disposed:false
745 http fetch GET 200 https://registry.npmjs.org/bn.js 61ms (cache miss)
746 silly packumentCache full:https://registry.npmjs.org/bn.js set size:undefined disposed:false
747 silly placeDep ROOT bn.js@5.2.5 OK for: @jas-/asn.1@5.4.2 want: >=5
748 silly placeDep ROOT minimalistic-assert@1.0.1 OK for: @jas-/asn.1@5.4.2 want: >=1
749 silly placeDep node_modules/method-override debug@3.1.0 OK for: method-override@3.0.0 want: 3.1.0
750 silly placeDep ROOT mime-db@1.52.0 OK for: mime-types@2.1.35 want: 1.52.0
751 silly placeDep ROOT brace-expansion@2.1.2 OK for: minimatch@5.1.9 want: ^2.0.1
752 silly fetch manifest balanced-match@^1.0.0
753 silly packumentCache full:https://registry.npmjs.org/balanced-match cache-miss
754 http fetch GET 200 https://registry.npmjs.org/balanced-match 37ms (cache miss)
755 silly packumentCache full:https://registry.npmjs.org/balanced-match set size:undefined disposed:false
756 silly placeDep ROOT balanced-match@1.0.2 OK for: brace-expansion@2.1.2 want: ^1.0.0
757 silly placeDep ROOT @mongodb-js/saslprep@1.4.12 OK for: mongodb@6.21.0 want: ^1.3.0
758 silly placeDep ROOT bson@6.10.4 OK for: mongodb@6.21.0 want: ^6.10.4
759 silly placeDep ROOT mongodb-connection-string-url@3.0.2 OK for: mongodb@6.21.0 want: ^3.0.2
760 silly fetch manifest sparse-bitfield@^3.0.3
761 silly packumentCache full:https://registry.npmjs.org/sparse-bitfield cache-miss
762 silly fetch manifest whatwg-url@^14.1.0 || ^13.0.0
763 silly packumentCache full:https://registry.npmjs.org/whatwg-url cache-miss
764 silly fetch manifest @types/whatwg-url@^11.0.2
765 silly packumentCache full:https://registry.npmjs.org/@types%2fwhatwg-url cache-miss
766 http fetch GET 200 https://registry.npmjs.org/sparse-bitfield 34ms (cache miss)
767 silly packumentCache full:https://registry.npmjs.org/sparse-bitfield set size:undefined disposed:false
768 http fetch GET 200 https://registry.npmjs.org/whatwg-url 57ms (cache miss)
769 silly packumentCache full:https://registry.npmjs.org/whatwg-url set size:undefined disposed:false
770 http fetch GET 200 https://registry.npmjs.org/@types%2fwhatwg-url 59ms (cache miss)
771 silly packumentCache full:https://registry.npmjs.org/@types%2fwhatwg-url set size:undefined disposed:false
772 silly placeDep ROOT sparse-bitfield@3.0.3 OK for: @mongodb-js/saslprep@1.4.12 want: ^3.0.3
773 silly fetch manifest memory-pager@^1.0.2
774 silly packumentCache full:https://registry.npmjs.org/memory-pager cache-miss
775 http fetch GET 200 https://registry.npmjs.org/memory-pager 40ms (cache miss)
776 silly packumentCache full:https://registry.npmjs.org/memory-pager set size:undefined disposed:false
777 silly placeDep ROOT @types/whatwg-url@11.0.5 OK for: mongodb-connection-string-url@3.0.2 want: ^11.0.2
778 silly placeDep ROOT whatwg-url@14.2.0 OK for: mongodb-connection-string-url@3.0.2 want: ^14.1.0 || ^13.0.0
779 silly fetch manifest @types/webidl-conversions@*
780 silly packumentCache full:https://registry.npmjs.org/@types%2fwebidl-conversions cache-miss
781 silly fetch manifest tr46@^5.1.0
782 silly packumentCache full:https://registry.npmjs.org/tr46 cache-miss
783 silly fetch manifest webidl-conversions@^7.0.0
784 silly packumentCache full:https://registry.npmjs.org/webidl-conversions cache-miss
785 http fetch GET 200 https://registry.npmjs.org/webidl-conversions 37ms (cache miss)
786 silly packumentCache full:https://registry.npmjs.org/webidl-conversions set size:undefined disposed:false
787 http fetch GET 200 https://registry.npmjs.org/@types%2fwebidl-conversions 44ms (cache miss)
788 silly packumentCache full:https://registry.npmjs.org/@types%2fwebidl-conversions set size:undefined disposed:false
789 http fetch GET 200 https://registry.npmjs.org/tr46 45ms (cache miss)
790 silly packumentCache full:https://registry.npmjs.org/tr46 set size:undefined disposed:false
791 silly placeDep ROOT @types/webidl-conversions@7.0.3 OK for: @types/whatwg-url@11.0.5 want: *
792 silly placeDep ROOT kareem@2.6.3 OK for: mongoose@8.24.1 want: 2.6.3
793 silly placeDep node_modules/mongoose mongodb@6.20.0 OK for: mongoose@8.24.1 want: ~6.20.0
794 silly placeDep ROOT mpath@0.9.0 OK for: mongoose@8.24.1 want: 0.9.0
795 silly placeDep ROOT mquery@5.0.0 OK for: mongoose@8.24.1 want: 5.0.0
796 silly placeDep ROOT sift@17.1.3 OK for: mongoose@8.24.1 want: 17.1.3
797 silly placeDep ROOT basic-auth@2.0.1 OK for: morgan@1.11.0 want: ~2.0.1
798 silly placeDep node_modules/morgan debug@2.6.9 OK for: morgan@1.11.0 want: 2.6.9
799 silly fetch manifest safe-buffer@5.1.2
800 silly packumentCache full:https://registry.npmjs.org/safe-buffer cache-hit
801 silly placeDep node_modules/basic-auth safe-buffer@5.1.2 OK for: basic-auth@2.0.1 want: 5.1.2
802 silly placeDep ROOT append-field@1.0.0 OK for: multer@1.4.5-lts.2 want: ^1.0.0
803 silly placeDep ROOT busboy@1.6.0 OK for: multer@1.4.5-lts.2 want: ^1.0.0
804 silly placeDep ROOT concat-stream@1.6.2 OK for: multer@1.4.5-lts.2 want: ^1.5.2
805 silly placeDep ROOT mkdirp@0.5.6 OK for: multer@1.4.5-lts.2 want: ^0.5.4
806 silly placeDep ROOT object-assign@4.1.1 OK for: multer@1.4.5-lts.2 want: ^4.1.1
807 silly placeDep ROOT xtend@4.0.2 OK for: multer@1.4.5-lts.2 want: ^4.0.0
808 silly fetch manifest streamsearch@^1.1.0
809 silly packumentCache full:https://registry.npmjs.org/streamsearch cache-miss
810 silly fetch manifest buffer-from@^1.0.0
811 silly packumentCache full:https://registry.npmjs.org/buffer-from cache-miss
812 silly fetch manifest readable-stream@^2.2.2
813 silly packumentCache full:https://registry.npmjs.org/readable-stream cache-miss
814 silly fetch manifest typedarray@^0.0.6
815 silly packumentCache full:https://registry.npmjs.org/typedarray cache-miss
816 silly fetch manifest minimist@^1.2.6
817 silly packumentCache full:https://registry.npmjs.org/minimist cache-miss
818 http fetch GET 200 https://registry.npmjs.org/streamsearch 49ms (cache miss)
819 silly packumentCache full:https://registry.npmjs.org/streamsearch set size:undefined disposed:false
820 http fetch GET 200 https://registry.npmjs.org/buffer-from 51ms (cache miss)
821 silly packumentCache full:https://registry.npmjs.org/buffer-from set size:undefined disposed:false
822 http fetch GET 200 https://registry.npmjs.org/typedarray 51ms (cache miss)
823 silly packumentCache full:https://registry.npmjs.org/typedarray set size:undefined disposed:false
824 http fetch GET 200 https://registry.npmjs.org/minimist 53ms (cache miss)
825 silly packumentCache full:https://registry.npmjs.org/minimist set size:undefined disposed:false
826 http fetch GET 200 https://registry.npmjs.org/readable-stream 56ms (cache miss)
827 silly packumentCache full:https://registry.npmjs.org/readable-stream set size:undefined disposed:false
828 silly placeDep ROOT streamsearch@1.1.0 OK for: busboy@1.6.0 want: ^1.1.0
829 silly placeDep ROOT buffer-from@1.1.2 OK for: concat-stream@1.6.2 want: ^1.0.0
830 silly placeDep ROOT readable-stream@2.3.8 OK for: concat-stream@1.6.2 want: ^2.2.2
831 silly placeDep ROOT typedarray@0.0.6 OK for: concat-stream@1.6.2 want: ^0.0.6
832 silly fetch manifest isarray@~1.0.0
833 silly packumentCache full:https://registry.npmjs.org/isarray cache-miss
834 silly fetch manifest safe-buffer@~5.1.1
835 silly packumentCache full:https://registry.npmjs.org/safe-buffer cache-hit
836 silly fetch manifest core-util-is@~1.0.0
837 silly packumentCache full:https://registry.npmjs.org/core-util-is cache-miss
838 silly fetch manifest string_decoder@~1.1.1
839 silly packumentCache full:https://registry.npmjs.org/string_decoder cache-miss
840 silly fetch manifest util-deprecate@~1.0.1
841 silly packumentCache full:https://registry.npmjs.org/util-deprecate cache-miss
842 silly fetch manifest process-nextick-args@~2.0.0
843 silly packumentCache full:https://registry.npmjs.org/process-nextick-args cache-miss
844 http fetch GET 200 https://registry.npmjs.org/isarray 39ms (cache miss)
845 silly packumentCache full:https://registry.npmjs.org/isarray set size:undefined disposed:false
846 http fetch GET 200 https://registry.npmjs.org/string_decoder 40ms (cache miss)
847 silly packumentCache full:https://registry.npmjs.org/string_decoder set size:undefined disposed:false
848 http fetch GET 200 https://registry.npmjs.org/util-deprecate 43ms (cache miss)
849 silly packumentCache full:https://registry.npmjs.org/util-deprecate set size:undefined disposed:false
850 http fetch GET 200 https://registry.npmjs.org/core-util-is 45ms (cache miss)
851 silly packumentCache full:https://registry.npmjs.org/core-util-is set size:undefined disposed:false
852 http fetch GET 200 https://registry.npmjs.org/process-nextick-args 44ms (cache miss)
853 silly packumentCache full:https://registry.npmjs.org/process-nextick-args set size:undefined disposed:false
854 silly placeDep ROOT minimist@1.2.8 OK for: mkdirp@0.5.6 want: ^1.2.6
855 silly placeDep ROOT chokidar@3.6.0 OK for: nodemon@3.1.14 want: ^3.5.2
856 silly placeDep ROOT ignore-by-default@1.0.1 OK for: nodemon@3.1.14 want: ^1.0.1
857 silly placeDep node_modules/nodemon minimatch@10.2.5 OK for: nodemon@3.1.14 want: ^10.2.1
858 silly placeDep ROOT pstree.remy@1.1.8 OK for: nodemon@3.1.14 want: ^1.1.8
859 silly placeDep ROOT simple-update-notifier@2.0.0 OK for: nodemon@3.1.14 want: ^2.0.0
860 silly placeDep ROOT supports-color@5.5.0 OK for: nodemon@3.1.14 want: ^5.5.0
861 silly placeDep ROOT touch@3.1.1 OK for: nodemon@3.1.14 want: ^3.1.0
862 silly placeDep ROOT undefsafe@2.0.5 OK for: nodemon@3.1.14 want: ^2.0.5
863 silly fetch manifest braces@~3.0.2
864 silly packumentCache full:https://registry.npmjs.org/braces cache-miss
865 silly fetch manifest is-glob@~4.0.1
866 silly packumentCache full:https://registry.npmjs.org/is-glob cache-miss
867 silly fetch manifest anymatch@~3.1.2
868 silly packumentCache full:https://registry.npmjs.org/anymatch cache-miss
869 silly fetch manifest readdirp@~3.6.0
870 silly packumentCache full:https://registry.npmjs.org/readdirp cache-miss
871 silly fetch manifest glob-parent@~5.1.2
872 silly packumentCache full:https://registry.npmjs.org/glob-parent cache-miss
873 silly fetch manifest is-binary-path@~2.1.0
874 silly packumentCache full:https://registry.npmjs.org/is-binary-path cache-miss
875 silly fetch manifest normalize-path@~3.0.0
876 silly packumentCache full:https://registry.npmjs.org/normalize-path cache-miss
877 http fetch GET 200 https://registry.npmjs.org/is-glob 47ms (cache miss)
878 silly packumentCache full:https://registry.npmjs.org/is-glob set size:undefined disposed:false
879 silly fetch manifest fsevents@~2.3.2
880 silly packumentCache full:https://registry.npmjs.org/fsevents cache-miss
881 http fetch GET 200 https://registry.npmjs.org/anymatch 49ms (cache miss)
882 silly packumentCache full:https://registry.npmjs.org/anymatch set size:undefined disposed:false
883 silly fetch manifest brace-expansion@^5.0.5
884 silly packumentCache full:https://registry.npmjs.org/brace-expansion cache-miss
885 http fetch GET 200 https://registry.npmjs.org/normalize-path 49ms (cache miss)
886 silly packumentCache full:https://registry.npmjs.org/normalize-path set size:undefined disposed:false
887 silly fetch manifest has-flag@^3.0.0
888 silly packumentCache full:https://registry.npmjs.org/has-flag cache-miss
889 http fetch GET 200 https://registry.npmjs.org/is-binary-path 50ms (cache miss)
890 silly packumentCache full:https://registry.npmjs.org/is-binary-path set size:undefined disposed:false
891 http cache https://registry.npmjs.org/brace-expansion 4ms (cache hit)
892 silly packumentCache full:https://registry.npmjs.org/brace-expansion set size:83856 disposed:false
893 http fetch GET 200 https://registry.npmjs.org/readdirp 55ms (cache miss)
894 silly packumentCache full:https://registry.npmjs.org/readdirp set size:undefined disposed:false
895 http fetch GET 200 https://registry.npmjs.org/glob-parent 56ms (cache miss)
896 silly packumentCache full:https://registry.npmjs.org/glob-parent set size:undefined disposed:false
897 http fetch GET 200 https://registry.npmjs.org/braces 58ms (cache miss)
898 silly packumentCache full:https://registry.npmjs.org/braces set size:undefined disposed:false
899 http fetch GET 200 https://registry.npmjs.org/has-flag 39ms (cache miss)
900 silly packumentCache full:https://registry.npmjs.org/has-flag set size:undefined disposed:false
901 http fetch GET 200 https://registry.npmjs.org/fsevents 44ms (cache miss)
902 silly packumentCache full:https://registry.npmjs.org/fsevents set size:undefined disposed:false
903 silly placeDep ROOT anymatch@3.1.3 OK for: chokidar@3.6.0 want: ~3.1.2
904 silly placeDep ROOT braces@3.0.3 OK for: chokidar@3.6.0 want: ~3.0.2
905 silly placeDep ROOT fsevents@2.3.3 OK for: chokidar@3.6.0 want: ~2.3.2
906 silly placeDep ROOT glob-parent@5.1.2 OK for: chokidar@3.6.0 want: ~5.1.2
907 silly placeDep ROOT is-binary-path@2.1.0 OK for: chokidar@3.6.0 want: ~2.1.0
908 silly placeDep ROOT is-glob@4.0.3 OK for: chokidar@3.6.0 want: ~4.0.1
909 silly placeDep ROOT normalize-path@3.0.0 OK for: chokidar@3.6.0 want: ~3.0.0
910 silly placeDep ROOT readdirp@3.6.0 OK for: chokidar@3.6.0 want: ~3.6.0
911 silly fetch manifest picomatch@^2.0.4
912 silly packumentCache full:https://registry.npmjs.org/picomatch cache-miss
913 silly fetch manifest normalize-path@^3.0.0
914 silly packumentCache full:https://registry.npmjs.org/normalize-path cache-miss
915 silly fetch manifest fill-range@^7.1.1
916 silly packumentCache full:https://registry.npmjs.org/fill-range cache-miss
917 silly fetch manifest is-glob@^4.0.1
918 silly packumentCache full:https://registry.npmjs.org/is-glob cache-miss
919 silly fetch manifest binary-extensions@^2.0.0
920 silly packumentCache full:https://registry.npmjs.org/binary-extensions cache-miss
921 silly fetch manifest is-extglob@^2.1.1
922 silly packumentCache full:https://registry.npmjs.org/is-extglob cache-miss
923 silly fetch manifest picomatch@^2.2.1
924 silly packumentCache full:https://registry.npmjs.org/picomatch cache-miss
925 http cache https://registry.npmjs.org/normalize-path 2ms (cache hit)
926 silly packumentCache full:https://registry.npmjs.org/normalize-path set size:28713 disposed:false
927 http cache https://registry.npmjs.org/is-glob 3ms (cache hit)
928 silly packumentCache full:https://registry.npmjs.org/is-glob set size:40530 disposed:false
929 http fetch GET 200 https://registry.npmjs.org/binary-extensions 46ms (cache miss)
930 silly packumentCache full:https://registry.npmjs.org/binary-extensions set size:undefined disposed:false
931 http fetch GET 200 https://registry.npmjs.org/fill-range 46ms (cache miss)
932 silly packumentCache full:https://registry.npmjs.org/fill-range set size:undefined disposed:false
933 http fetch GET 200 https://registry.npmjs.org/picomatch 47ms (cache miss)
934 silly packumentCache full:https://registry.npmjs.org/picomatch set size:undefined disposed:false
935 http fetch GET 200 https://registry.npmjs.org/picomatch 50ms (cache miss)
936 silly packumentCache full:https://registry.npmjs.org/picomatch set size:undefined disposed:false
937 http fetch GET 200 https://registry.npmjs.org/is-extglob 50ms (cache miss)
938 silly packumentCache full:https://registry.npmjs.org/is-extglob set size:undefined disposed:false
939 silly placeDep ROOT picomatch@2.3.2 OK for: anymatch@3.1.3 want: ^2.0.4
940 silly placeDep ROOT fill-range@7.1.1 OK for: braces@3.0.3 want: ^7.1.1
941 silly fetch manifest to-regex-range@^5.0.1
942 silly packumentCache full:https://registry.npmjs.org/to-regex-range cache-miss
943 http fetch GET 200 https://registry.npmjs.org/to-regex-range 52ms (cache miss)
944 silly packumentCache full:https://registry.npmjs.org/to-regex-range set size:undefined disposed:false
945 silly placeDep ROOT to-regex-range@5.0.1 OK for: fill-range@7.1.1 want: ^5.0.1
946 silly fetch manifest is-number@^7.0.0
947 silly packumentCache full:https://registry.npmjs.org/is-number cache-miss
948 http fetch GET 200 https://registry.npmjs.org/is-number 36ms (cache miss)
949 silly packumentCache full:https://registry.npmjs.org/is-number set size:undefined disposed:false
950 silly placeDep ROOT binary-extensions@2.3.0 OK for: is-binary-path@2.1.0 want: ^2.0.0
951 silly placeDep ROOT is-extglob@2.1.1 OK for: is-glob@4.0.3 want: ^2.1.1
952 silly placeDep ROOT ee-first@1.1.1 OK for: on-finished@2.4.1 want: 1.1.1
953 silly placeDep ROOT forwarded@0.2.0 OK for: proxy-addr@2.0.7 want: 0.2.0
954 silly placeDep ROOT ipaddr.js@1.9.1 OK for: proxy-addr@2.0.7 want: 1.9.1
955 silly placeDep ROOT es-define-property@1.0.1 OK for: qs@6.15.3 want: ^1.0.1
956 silly placeDep ROOT side-channel@1.1.1 OK for: qs@6.15.3 want: ^1.1.1
957 silly fetch manifest es-errors@^1.3.0
958 silly packumentCache full:https://registry.npmjs.org/es-errors cache-miss
959 silly fetch manifest object-inspect@^1.13.4
960 silly packumentCache full:https://registry.npmjs.org/object-inspect cache-miss
961 silly fetch manifest side-channel-list@^1.0.1
962 silly packumentCache full:https://registry.npmjs.org/side-channel-list cache-miss
963 silly fetch manifest side-channel-map@^1.0.1
964 silly packumentCache full:https://registry.npmjs.org/side-channel-map cache-miss
965 silly fetch manifest side-channel-weakmap@^1.0.2
966 silly packumentCache full:https://registry.npmjs.org/side-channel-weakmap cache-miss
967 http fetch GET 200 https://registry.npmjs.org/es-errors 36ms (cache miss)
968 silly packumentCache full:https://registry.npmjs.org/es-errors set size:undefined disposed:false
969 http fetch GET 200 https://registry.npmjs.org/side-channel-list 38ms (cache miss)
970 silly packumentCache full:https://registry.npmjs.org/side-channel-list set size:undefined disposed:false
971 http fetch GET 200 https://registry.npmjs.org/side-channel-weakmap 44ms (cache miss)
972 silly packumentCache full:https://registry.npmjs.org/side-channel-weakmap set size:undefined disposed:false
973 http fetch GET 200 https://registry.npmjs.org/object-inspect 45ms (cache miss)
974 silly packumentCache full:https://registry.npmjs.org/object-inspect set size:undefined disposed:false
975 http fetch GET 200 https://registry.npmjs.org/side-channel-map 46ms (cache miss)
976 silly packumentCache full:https://registry.npmjs.org/side-channel-map set size:undefined disposed:false
977 silly placeDep node_modules/raw-body http-errors@2.0.1 OK for: raw-body@2.5.3 want: ~2.0.1
978 silly placeDep ROOT core-util-is@1.0.3 OK for: readable-stream@2.3.8 want: ~1.0.0
979 silly placeDep ROOT isarray@1.0.0 OK for: readable-stream@2.3.8 want: ~1.0.0
980 silly placeDep ROOT process-nextick-args@2.0.1 OK for: readable-stream@2.3.8 want: ~2.0.0
981 silly placeDep node_modules/readable-stream safe-buffer@5.1.2 OK for: readable-stream@2.3.8 want: ~5.1.1
982 silly placeDep ROOT string_decoder@1.1.1 OK for: readable-stream@2.3.8 want: ~1.1.1
983 silly placeDep ROOT util-deprecate@1.0.2 OK for: readable-stream@2.3.8 want: ~1.0.1
984 silly fetch manifest safe-buffer@~5.1.0
985 silly packumentCache full:https://registry.npmjs.org/safe-buffer cache-hit
986 silly placeDep node_modules/send debug@2.6.9 OK for: send@0.19.2 want: 2.6.9
987 silly placeDep node_modules/send http-errors@2.0.1 OK for: send@0.19.2 want: ~2.0.1
988 silly placeDep ROOT mime@1.6.0 OK for: send@0.19.2 want: 1.6.0
989 silly placeDep ROOT es-errors@1.3.0 OK for: side-channel@1.1.1 want: ^1.3.0
990 silly placeDep ROOT object-inspect@1.13.4 OK for: side-channel@1.1.1 want: ^1.13.4
991 silly placeDep ROOT side-channel-list@1.0.1 OK for: side-channel@1.1.1 want: ^1.0.1
992 silly placeDep ROOT side-channel-map@1.0.1 OK for: side-channel@1.1.1 want: ^1.0.1
993 silly placeDep ROOT side-channel-weakmap@1.0.2 OK for: side-channel@1.1.1 want: ^1.0.2
994 silly fetch manifest call-bound@^1.0.2
995 silly packumentCache full:https://registry.npmjs.org/call-bound cache-miss
996 silly fetch manifest get-intrinsic@^1.2.5
997 silly packumentCache full:https://registry.npmjs.org/get-intrinsic cache-miss
998 silly fetch manifest call-bound@^1.0.2
999 silly packumentCache full:https://registry.npmjs.org/call-bound cache-miss
1000 silly fetch manifest get-intrinsic@^1.2.5
1001 silly packumentCache full:https://registry.npmjs.org/get-intrinsic cache-miss
1002 http fetch GET 200 https://registry.npmjs.org/call-bound 48ms (cache miss)
1003 silly packumentCache full:https://registry.npmjs.org/call-bound set size:undefined disposed:false
1004 http fetch GET 200 https://registry.npmjs.org/call-bound 48ms (cache miss)
1005 silly packumentCache full:https://registry.npmjs.org/call-bound set size:undefined disposed:false
1006 http fetch GET 200 https://registry.npmjs.org/get-intrinsic 49ms (cache miss)
1007 silly packumentCache full:https://registry.npmjs.org/get-intrinsic set size:undefined disposed:false
1008 http fetch GET 200 https://registry.npmjs.org/get-intrinsic 49ms (cache miss)
1009 silly packumentCache full:https://registry.npmjs.org/get-intrinsic set size:undefined disposed:false
1010 silly placeDep ROOT call-bound@1.0.4 OK for: side-channel-map@1.0.1 want: ^1.0.2
1011 silly placeDep ROOT get-intrinsic@1.3.0 OK for: side-channel-map@1.0.1 want: ^1.2.5
1012 silly fetch manifest call-bind-apply-helpers@^1.0.2
1013 silly packumentCache full:https://registry.npmjs.org/call-bind-apply-helpers cache-miss
1014 silly fetch manifest get-intrinsic@^1.3.0
1015 silly packumentCache full:https://registry.npmjs.org/get-intrinsic cache-miss
1016 silly fetch manifest gopd@^1.2.0
1017 silly packumentCache full:https://registry.npmjs.org/gopd cache-miss
1018 silly fetch manifest hasown@^2.0.2
1019 silly packumentCache full:https://registry.npmjs.org/hasown cache-miss
1020 silly fetch manifest get-proto@^1.0.1
1021 silly packumentCache full:https://registry.npmjs.org/get-proto cache-miss
1022 silly fetch manifest has-symbols@^1.1.0
1023 silly packumentCache full:https://registry.npmjs.org/has-symbols cache-miss
1024 silly fetch manifest function-bind@^1.1.2
1025 silly packumentCache full:https://registry.npmjs.org/function-bind cache-miss
1026 http cache https://registry.npmjs.org/get-intrinsic 2ms (cache hit)
1027 silly packumentCache full:https://registry.npmjs.org/get-intrinsic set size:60985 disposed:false
1028 silly fetch manifest es-object-atoms@^1.1.1
1029 silly packumentCache full:https://registry.npmjs.org/es-object-atoms cache-miss
1030 http fetch GET 200 https://registry.npmjs.org/call-bind-apply-helpers 37ms (cache miss)
1031 silly packumentCache full:https://registry.npmjs.org/call-bind-apply-helpers set size:undefined disposed:false
1032 silly fetch manifest math-intrinsics@^1.1.0
1033 silly packumentCache full:https://registry.npmjs.org/math-intrinsics cache-miss
1034 http fetch GET 200 https://registry.npmjs.org/has-symbols 38ms (cache miss)
1035 silly packumentCache full:https://registry.npmjs.org/has-symbols set size:undefined disposed:false
1036 http fetch GET 200 https://registry.npmjs.org/gopd 41ms (cache miss)
1037 silly packumentCache full:https://registry.npmjs.org/gopd set size:undefined disposed:false
1038 http fetch GET 200 https://registry.npmjs.org/get-proto 41ms (cache miss)
1039 silly packumentCache full:https://registry.npmjs.org/get-proto set size:undefined disposed:false
1040 http fetch GET 200 https://registry.npmjs.org/es-object-atoms 38ms (cache miss)
1041 silly packumentCache full:https://registry.npmjs.org/es-object-atoms set size:undefined disposed:false
1042 http fetch GET 200 https://registry.npmjs.org/function-bind 42ms (cache miss)
1043 silly packumentCache full:https://registry.npmjs.org/function-bind set size:undefined disposed:false
1044 http fetch GET 200 https://registry.npmjs.org/hasown 44ms (cache miss)
1045 silly packumentCache full:https://registry.npmjs.org/hasown set size:undefined disposed:false
1046 http fetch GET 200 https://registry.npmjs.org/math-intrinsics 47ms (cache miss)
1047 silly packumentCache full:https://registry.npmjs.org/math-intrinsics set size:undefined disposed:false
1048 silly placeDep ROOT call-bind-apply-helpers@1.0.2 OK for: call-bound@1.0.4 want: ^1.0.2
1049 silly placeDep ROOT function-bind@1.1.2 OK for: call-bind-apply-helpers@1.0.2 want: ^1.1.2
1050 silly placeDep ROOT es-object-atoms@1.1.2 OK for: get-intrinsic@1.3.0 want: ^1.1.1
1051 silly placeDep ROOT get-proto@1.0.1 OK for: get-intrinsic@1.3.0 want: ^1.0.1
1052 silly placeDep ROOT gopd@1.2.0 OK for: get-intrinsic@1.3.0 want: ^1.2.0
1053 silly placeDep ROOT has-symbols@1.1.0 OK for: get-intrinsic@1.3.0 want: ^1.1.0
1054 silly placeDep ROOT hasown@2.0.4 OK for: get-intrinsic@1.3.0 want: ^2.0.2
1055 silly placeDep ROOT math-intrinsics@1.1.0 OK for: get-intrinsic@1.3.0 want: ^1.1.0
1056 silly fetch manifest dunder-proto@^1.0.1
1057 silly packumentCache full:https://registry.npmjs.org/dunder-proto cache-miss
1058 http fetch GET 200 https://registry.npmjs.org/dunder-proto 35ms (cache miss)
1059 silly packumentCache full:https://registry.npmjs.org/dunder-proto set size:undefined disposed:false
1060 silly placeDep ROOT dunder-proto@1.0.1 OK for: get-proto@1.0.1 want: ^1.0.1
1061 silly placeDep ROOT memory-pager@1.5.0 OK for: sparse-bitfield@3.0.3 want: ^1.0.2
1062 silly placeDep node_modules/string_decoder safe-buffer@5.1.2 OK for: string_decoder@1.1.1 want: ~5.1.0
1063 silly placeDep ROOT @types/node@26.1.1 OK for: stripe@17.7.0 want: >=8.1.0
1064 silly fetch manifest undici-types@~8.3.0
1065 silly packumentCache full:https://registry.npmjs.org/undici-types cache-miss
1066 http fetch GET 200 https://registry.npmjs.org/undici-types 48ms (cache miss)
1067 silly packumentCache full:https://registry.npmjs.org/undici-types set size:undefined disposed:false
1068 silly placeDep ROOT undici-types@8.3.0 OK for: @types/node@26.1.1 want: ~8.3.0
1069 silly placeDep ROOT has-flag@3.0.0 OK for: supports-color@5.5.0 want: ^3.0.0
1070 silly placeDep ROOT is-number@7.0.0 OK for: to-regex-range@5.0.1 want: ^7.0.0
1071 silly placeDep ROOT media-typer@0.3.0 OK for: type-is@1.6.18 want: 0.3.0
1072 silly placeDep ROOT random-bytes@1.0.0 OK for: uid-safe@2.1.5 want: ~1.0.0
1073 silly placeDep ROOT tr46@5.1.1 OK for: whatwg-url@14.2.0 want: ^5.1.0
1074 silly placeDep ROOT webidl-conversions@7.0.0 OK for: whatwg-url@14.2.0 want: ^7.0.0
1075 silly fetch manifest punycode@^2.3.1
1076 silly packumentCache full:https://registry.npmjs.org/punycode cache-miss
1077 http fetch GET 200 https://registry.npmjs.org/punycode 42ms (cache miss)
1078 silly packumentCache full:https://registry.npmjs.org/punycode set size:undefined disposed:false
1079 silly placeDep ROOT punycode@2.3.1 OK for: tr46@5.1.1 want: ^2.3.1
1080 silly placeDep ROOT commander@2.20.3 OK for: xss@1.0.15 want: ^2.20.3
1081 silly placeDep ROOT cssfilter@0.0.10 OK for: xss@1.0.15 want: 0.0.10
1082 silly placeDep node_modules/body-parser ms@2.0.0 OK for: debug@2.6.9 want: 2.0.0
1083 silly placeDep node_modules/body-parser toidentifier@1.0.1 OK for: http-errors@2.0.1 want: ~1.0.1
1084 silly placeDep node_modules/express-session ms@2.0.0 OK for: debug@2.6.9 want: 2.0.0
1085 silly placeDep node_modules/express ms@2.0.0 OK for: debug@2.6.9 want: 2.0.0
1086 silly placeDep node_modules/express toidentifier@1.0.1 OK for: http-errors@2.0.1 want: ~1.0.1
1087 silly placeDep node_modules/finalhandler ms@2.0.0 OK for: debug@2.6.9 want: 2.0.0
1088 silly placeDep node_modules/method-override ms@2.0.0 OK for: debug@3.1.0 want: 2.0.0
1089 silly placeDep node_modules/morgan ms@2.0.0 OK for: debug@2.6.9 want: 2.0.0
1090 silly placeDep node_modules/nodemon brace-expansion@5.0.8 OK for: minimatch@10.2.5 want: ^5.0.5
1091 silly fetch manifest balanced-match@^4.0.2
1092 silly packumentCache full:https://registry.npmjs.org/balanced-match cache-miss
1093 http cache https://registry.npmjs.org/balanced-match 1ms (cache hit)
1094 silly packumentCache full:https://registry.npmjs.org/balanced-match set size:39082 disposed:false
1095 silly placeDep node_modules/nodemon balanced-match@4.0.4 OK for: brace-expansion@5.0.8 want: ^4.0.2
1096 silly placeDep node_modules/raw-body toidentifier@1.0.1 OK for: http-errors@2.0.1 want: ~1.0.1
1097 silly placeDep node_modules/send/node_modules/debug ms@2.0.0 OK for: debug@2.6.9 want: 2.0.0
1098 silly placeDep node_modules/send toidentifier@1.0.1 OK for: http-errors@2.0.1 want: ~1.0.1
1099 silly reify moves {}
1100 silly audit bulk request {
1100 silly audit   bcryptjs: [ '2.4.3' ],
1100 silly audit   'connect-mongo': [ '5.1.0' ],
1100 silly audit   mongodb: [ '6.21.0', '6.20.0' ],
1100 silly audit   'express-session': [ '1.19.0' ],
1100 silly audit   csurf: [ '1.11.0' ],
1100 silly audit   dotenv: [ '16.6.1' ],
1100 silly audit   ejs: [ '3.1.10' ],
1100 silly audit   express: [ '4.22.2' ],
1100 silly audit   'express-rate-limit': [ '7.5.1' ],
1100 silly audit   'express-validator': [ '7.3.2' ],
1100 silly audit   helmet: [ '8.3.0' ],
1100 silly audit   jsonwebtoken: [ '9.0.3' ],
1100 silly audit   'method-override': [ '3.0.0' ],
1100 silly audit   mongoose: [ '8.24.1' ],
1100 silly audit   morgan: [ '1.11.0' ],
1100 silly audit   multer: [ '1.4.5-lts.2' ],
1100 silly audit   nodemailer: [ '6.10.1' ],
1100 silly audit   nodemon: [ '3.1.14' ],
1100 silly audit   stripe: [ '17.7.0' ],
1100 silly audit   xss: [ '1.0.15' ],
1100 silly audit   debug: [ '4.4.3', '2.6.9', '3.1.0' ],
1100 silly audit   kruptein: [ '3.4.0' ],
1100 silly audit   cookie: [ '0.4.0', '0.7.2' ],
1100 silly audit   'cookie-signature': [ '1.0.6', '1.0.7' ],
1100 silly audit   csrf: [ '3.1.0' ],
1100 silly audit   'http-errors': [ '1.7.3', '2.0.1' ],
1100 silly audit   rndm: [ '1.2.0' ],
1100 silly audit   tsscmp: [ '1.0.6' ],
1100 silly audit   'uid-safe': [ '2.1.5' ],
1100 silly audit   ms: [ '2.1.3', '2.0.0' ],
1100 silly audit   jake: [ '10.9.4' ],
1100 silly audit   accepts: [ '1.3.8' ],
1100 silly audit   'array-flatten': [ '1.1.1' ],
1100 silly audit   'body-parser': [ '1.20.6' ],
1100 silly audit   'content-disposition': [ '0.5.4' ],
1100 silly audit   'content-type': [ '1.0.5' ],
1100 silly audit   depd: [ '2.0.0', '1.1.2' ],
1100 silly audit   encodeurl: [ '2.0.0' ],
1100 silly audit   'escape-html': [ '1.0.3' ],
1100 silly audit   etag: [ '1.8.1' ],
1100 silly audit   finalhandler: [ '1.3.2' ],
1100 silly audit   fresh: [ '0.5.2' ],
1100 silly audit   'merge-descriptors': [ '1.0.3' ],
1100 silly audit   methods: [ '1.1.2' ],
1100 silly audit   'on-finished': [ '2.4.1' ],
1100 silly audit   parseurl: [ '1.3.3' ],
1100 silly audit   'path-to-regexp': [ '0.1.13' ],
1100 silly audit   'proxy-addr': [ '2.0.7' ],
1100 silly audit   qs: [ '6.15.3' ],
1100 silly audit   'range-parser': [ '1.2.1' ],
1100 silly audit   'safe-buffer': [ '5.2.1', '5.1.2' ],
1100 silly audit   send: [ '0.19.2' ],
1100 silly audit   'serve-static': [ '1.16.3' ],
1100 silly audit   setprototypeof: [ '1.2.0', '1.1.1' ],
1100 silly audit   statuses: [ '2.0.2', '1.5.0' ],
1100 silly audit   'type-is': [ '1.6.18' ],
1100 silly audit   'utils-merge': [ '1.0.1' ],
1100 silly audit   vary: [ '1.1.2' ],
1100 silly audit   'mime-types': [ '2.1.35' ],
1100 silly audit   negotiator: [ '0.6.3' ],
1100 silly audit   bytes: [ '3.1.2' ],
1100 silly audit   destroy: [ '1.2.0' ],
1100 silly audit   'iconv-lite': [ '0.4.24' ],
1100 silly audit   'raw-body': [ '2.5.3' ],
1100 silly audit   unpipe: [ '1.0.0' ],
1100 silly audit   'on-headers': [ '1.1.0' ],
1100 silly audit   lodash: [ '4.18.1' ],
1100 silly audit   validator: [ '13.15.35' ],
1100 silly audit   inherits: [ '2.0.4' ],
1100 silly audit   toidentifier: [ '1.0.0', '1.0.1' ],
1100 silly audit   'safer-buffer': [ '2.1.2' ],
1100 silly audit   async: [ '3.2.6' ],
1100 silly audit   filelist: [ '1.0.6' ],
1100 silly audit   picocolors: [ '1.1.1' ],
1100 silly audit   minimatch: [ '5.1.9', '10.2.5' ],
1100 silly audit   jws: [ '4.0.1' ],
1100 silly audit   'lodash.includes': [ '4.3.0' ],
1100 silly audit   'lodash.isboolean': [ '3.0.3' ],
1100 silly audit   'lodash.isinteger': [ '4.0.4' ],
1100 silly audit   'lodash.isnumber': [ '3.0.3' ],
1100 silly audit   'lodash.isplainobject': [ '4.0.6' ],
1100 silly audit   'lodash.isstring': [ '4.0.1' ],
1100 silly audit   'lodash.once': [ '4.1.1' ],
1100 silly audit   semver: [ '7.8.5' ],
1100 silly audit   jwa: [ '2.0.1' ],
1100 silly audit   'buffer-equal-constant-time': [ '1.0.1' ],
1100 silly audit   'ecdsa-sig-formatter': [ '1.0.11' ],
1100 silly audit   '@jas-/asn.1': [ '5.4.2' ],
1100 silly audit   'bn.js': [ '5.2.5' ],
1100 silly audit   'minimalistic-assert': [ '1.0.1' ],
1100 silly audit   'mime-db': [ '1.52.0' ],
1100 silly audit   'brace-expansion': [ '2.1.2', '5.0.8' ],
1100 silly audit   'balanced-match': [ '1.0.2', '4.0.4' ],
1100 silly audit   '@mongodb-js/saslprep': [ '1.4.12' ],
1100 silly audit   bson: [ '6.10.4' ],
1100 silly audit   'mongodb-connection-string-url': [ '3.0.2' ],
1100 silly audit   'sparse-bitfield': [ '3.0.3' ],
1100 silly audit   '@types/whatwg-url': [ '11.0.5' ],
1100 silly audit   'whatwg-url': [ '14.2.0' ],
1100 silly audit   '@types/webidl-conversions': [ '7.0.3' ],
1100 silly audit   kareem: [ '2.6.3' ],
1100 silly audit   mpath: [ '0.9.0' ],
1100 silly audit   mquery: [ '5.0.0' ],
1100 silly audit   sift: [ '17.1.3' ],
1100 silly audit   'basic-auth': [ '2.0.1' ],
1100 silly audit   'append-field': [ '1.0.0' ],
1100 silly audit   busboy: [ '1.6.0' ],
1100 silly audit   'concat-stream': [ '1.6.2' ],
1100 silly audit   mkdirp: [ '0.5.6' ],
1100 silly audit   'object-assign': [ '4.1.1' ],
1100 silly audit   xtend: [ '4.0.2' ],
1100 silly audit   streamsearch: [ '1.1.0' ],
1100 silly audit   'buffer-from': [ '1.1.2' ],
1100 silly audit   'readable-stream': [ '2.3.8' ],
1100 silly audit   typedarray: [ '0.0.6' ],
1100 silly audit   minimist: [ '1.2.8' ],
1100 silly audit   chokidar: [ '3.6.0' ],
1100 silly audit   'ignore-by-default': [ '1.0.1' ],
1100 silly audit   'pstree.remy': [ '1.1.8' ],
1100 silly audit   'simple-update-notifier': [ '2.0.0' ],
1100 silly audit   'supports-color': [ '5.5.0' ],
1100 silly audit   touch: [ '3.1.1' ],
1100 silly audit   undefsafe: [ '2.0.5' ],
1100 silly audit   anymatch: [ '3.1.3' ],
1100 silly audit   braces: [ '3.0.3' ],
1100 silly audit   fsevents: [ '2.3.3' ],
1100 silly audit   'glob-parent': [ '5.1.2' ],
1100 silly audit   'is-binary-path': [ '2.1.0' ],
1100 silly audit   'is-glob': [ '4.0.3' ],
1100 silly audit   'normalize-path': [ '3.0.0' ],
1100 silly audit   readdirp: [ '3.6.0' ],
1100 silly audit   picomatch: [ '2.3.2' ],
1100 silly audit   'fill-range': [ '7.1.1' ],
1100 silly audit   'to-regex-range': [ '5.0.1' ],
1100 silly audit   'binary-extensions': [ '2.3.0' ],
1100 silly audit   'is-extglob': [ '2.1.1' ],
1100 silly audit   'ee-first': [ '1.1.1' ],
1100 silly audit   forwarded: [ '0.2.0' ],
1100 silly audit   'ipaddr.js': [ '1.9.1' ],
1100 silly audit   'es-define-property': [ '1.0.1' ],
1100 silly audit   'side-channel': [ '1.1.1' ],
1100 silly audit   'core-util-is': [ '1.0.3' ],
1100 silly audit   isarray: [ '1.0.0' ],
1100 silly audit   'process-nextick-args': [ '2.0.1' ],
1100 silly audit   string_decoder: [ '1.1.1' ],
1100 silly audit   'util-deprecate': [ '1.0.2' ],
1100 silly audit   mime: [ '1.6.0' ],
1100 silly audit   'es-errors': [ '1.3.0' ],
1100 silly audit   'object-inspect': [ '1.13.4' ],
1100 silly audit   'side-channel-list': [ '1.0.1' ],
1100 silly audit   'side-channel-map': [ '1.0.1' ],
1100 silly audit   'side-channel-weakmap': [ '1.0.2' ],
1100 silly audit   'call-bound': [ '1.0.4' ],
1100 silly audit   'get-intrinsic': [ '1.3.0' ],
1100 silly audit   'call-bind-apply-helpers': [ '1.0.2' ],
1100 silly audit   'function-bind': [ '1.1.2' ],
1100 silly audit   'es-object-atoms': [ '1.1.2' ],
1100 silly audit   'get-proto': [ '1.0.1' ],
1100 silly audit   gopd: [ '1.2.0' ],
1100 silly audit   'has-symbols': [ '1.1.0' ],
1100 silly audit   hasown: [ '2.0.4' ],
1100 silly audit   'math-intrinsics': [ '1.1.0' ],
1100 silly audit   'dunder-proto': [ '1.0.1' ],
1100 silly audit   'memory-pager': [ '1.5.0' ],
1100 silly audit   '@types/node': [ '26.1.1' ],
1100 silly audit   'undici-types': [ '8.3.0' ],
1100 silly audit   'has-flag': [ '3.0.0' ],
1100 silly audit   'is-number': [ '7.0.0' ],
1100 silly audit   'media-typer': [ '0.3.0' ],
1100 silly audit   'random-bytes': [ '1.0.0' ],
1100 silly audit   tr46: [ '5.1.1' ],
1100 silly audit   'webidl-conversions': [ '7.0.0' ],
1100 silly audit   punycode: [ '2.3.1' ],
1100 silly audit   commander: [ '2.20.3' ],
1100 silly audit   cssfilter: [ '0.0.10' ]
1100 silly audit }
1101 http cache cssfilter@https://registry.npmjs.org/cssfilter/-/cssfilter-0.0.10.tgz 0ms (cache hit)
1102 http cache commander@https://registry.npmjs.org/commander/-/commander-2.20.3.tgz 0ms (cache hit)
1103 http cache punycode@https://registry.npmjs.org/punycode/-/punycode-2.3.1.tgz 0ms (cache hit)
1104 http cache webidl-conversions@https://registry.npmjs.org/webidl-conversions/-/webidl-conversions-7.0.0.tgz 0ms (cache hit)
1105 http cache tr46@https://registry.npmjs.org/tr46/-/tr46-5.1.1.tgz 0ms (cache hit)
1106 http cache random-bytes@https://registry.npmjs.org/random-bytes/-/random-bytes-1.0.0.tgz 0ms (cache hit)
1107 http cache media-typer@https://registry.npmjs.org/media-typer/-/media-typer-0.3.0.tgz 0ms (cache hit)
1108 http cache undici-types@https://registry.npmjs.org/undici-types/-/undici-types-8.3.0.tgz 0ms (cache hit)
1109 http cache is-number@https://registry.npmjs.org/is-number/-/is-number-7.0.0.tgz 0ms (cache hit)
1110 http cache @types/node@https://registry.npmjs.org/@types/node/-/node-26.1.1.tgz 0ms (cache hit)
1111 http cache has-flag@https://registry.npmjs.org/has-flag/-/has-flag-3.0.0.tgz 0ms (cache hit)
1112 http cache memory-pager@https://registry.npmjs.org/memory-pager/-/memory-pager-1.5.0.tgz 0ms (cache hit)
1113 http cache dunder-proto@https://registry.npmjs.org/dunder-proto/-/dunder-proto-1.0.1.tgz 0ms (cache hit)
1114 http cache math-intrinsics@https://registry.npmjs.org/math-intrinsics/-/math-intrinsics-1.1.0.tgz 0ms (cache hit)
1115 http cache has-symbols@https://registry.npmjs.org/has-symbols/-/has-symbols-1.1.0.tgz 0ms (cache hit)
1116 http cache gopd@https://registry.npmjs.org/gopd/-/gopd-1.2.0.tgz 0ms (cache hit)
1117 http cache get-proto@https://registry.npmjs.org/get-proto/-/get-proto-1.0.1.tgz 0ms (cache hit)
1118 http cache function-bind@https://registry.npmjs.org/function-bind/-/function-bind-1.1.2.tgz 0ms (cache hit)
1119 http cache es-object-atoms@https://registry.npmjs.org/es-object-atoms/-/es-object-atoms-1.1.2.tgz 0ms (cache hit)
1120 http cache call-bind-apply-helpers@https://registry.npmjs.org/call-bind-apply-helpers/-/call-bind-apply-helpers-1.0.2.tgz 0ms (cache hit)
1121 http cache call-bound@https://registry.npmjs.org/call-bound/-/call-bound-1.0.4.tgz 0ms (cache hit)
1122 http cache side-channel-map@https://registry.npmjs.org/side-channel-map/-/side-channel-map-1.0.1.tgz 0ms (cache hit)
1123 http cache get-intrinsic@https://registry.npmjs.org/get-intrinsic/-/get-intrinsic-1.3.0.tgz 0ms (cache hit)
1124 http cache side-channel-weakmap@https://registry.npmjs.org/side-channel-weakmap/-/side-channel-weakmap-1.0.2.tgz 0ms (cache hit)
1125 http cache side-channel-list@https://registry.npmjs.org/side-channel-list/-/side-channel-list-1.0.1.tgz 0ms (cache hit)
1126 http cache hasown@https://registry.npmjs.org/hasown/-/hasown-2.0.4.tgz 0ms (cache hit)
1127 http cache object-inspect@https://registry.npmjs.org/object-inspect/-/object-inspect-1.13.4.tgz 0ms (cache hit)
1128 http cache es-errors@https://registry.npmjs.org/es-errors/-/es-errors-1.3.0.tgz 0ms (cache hit)
1129 http cache mime@https://registry.npmjs.org/mime/-/mime-1.6.0.tgz 0ms (cache hit)
1130 http cache util-deprecate@https://registry.npmjs.org/util-deprecate/-/util-deprecate-1.0.2.tgz 0ms (cache hit)
1131 http cache string_decoder@https://registry.npmjs.org/string_decoder/-/string_decoder-1.1.1.tgz 0ms (cache hit)
1132 http cache process-nextick-args@https://registry.npmjs.org/process-nextick-args/-/process-nextick-args-2.0.1.tgz 0ms (cache hit)
1133 http cache isarray@https://registry.npmjs.org/isarray/-/isarray-1.0.0.tgz 0ms (cache hit)
1134 http cache core-util-is@https://registry.npmjs.org/core-util-is/-/core-util-is-1.0.3.tgz 0ms (cache hit)
1135 http cache side-channel@https://registry.npmjs.org/side-channel/-/side-channel-1.1.1.tgz 0ms (cache hit)
1136 http cache es-define-property@https://registry.npmjs.org/es-define-property/-/es-define-property-1.0.1.tgz 0ms (cache hit)
1137 http cache ipaddr.js@https://registry.npmjs.org/ipaddr.js/-/ipaddr.js-1.9.1.tgz 0ms (cache hit)
1138 http cache forwarded@https://registry.npmjs.org/forwarded/-/forwarded-0.2.0.tgz 0ms (cache hit)
1139 http cache ee-first@https://registry.npmjs.org/ee-first/-/ee-first-1.1.1.tgz 0ms (cache hit)
1140 http cache binary-extensions@https://registry.npmjs.org/binary-extensions/-/binary-extensions-2.3.0.tgz 0ms (cache hit)
1141 http cache is-extglob@https://registry.npmjs.org/is-extglob/-/is-extglob-2.1.1.tgz 0ms (cache hit)
1142 http cache to-regex-range@https://registry.npmjs.org/to-regex-range/-/to-regex-range-5.0.1.tgz 0ms (cache hit)
1143 http cache fill-range@https://registry.npmjs.org/fill-range/-/fill-range-7.1.1.tgz 0ms (cache hit)
1144 http cache picomatch@https://registry.npmjs.org/picomatch/-/picomatch-2.3.2.tgz 0ms (cache hit)
1145 http cache readdirp@https://registry.npmjs.org/readdirp/-/readdirp-3.6.0.tgz 0ms (cache hit)
1146 http cache normalize-path@https://registry.npmjs.org/normalize-path/-/normalize-path-3.0.0.tgz 0ms (cache hit)
1147 http cache is-glob@https://registry.npmjs.org/is-glob/-/is-glob-4.0.3.tgz 0ms (cache hit)
1148 http cache is-binary-path@https://registry.npmjs.org/is-binary-path/-/is-binary-path-2.1.0.tgz 0ms (cache hit)
1149 http cache glob-parent@https://registry.npmjs.org/glob-parent/-/glob-parent-5.1.2.tgz 0ms (cache hit)
1150 http cache fsevents@https://registry.npmjs.org/fsevents/-/fsevents-2.3.3.tgz 0ms (cache hit)
1151 http cache braces@https://registry.npmjs.org/braces/-/braces-3.0.3.tgz 0ms (cache hit)
1152 http cache anymatch@https://registry.npmjs.org/anymatch/-/anymatch-3.1.3.tgz 0ms (cache hit)
1153 http cache undefsafe@https://registry.npmjs.org/undefsafe/-/undefsafe-2.0.5.tgz 0ms (cache hit)
1154 http cache touch@https://registry.npmjs.org/touch/-/touch-3.1.1.tgz 0ms (cache hit)
1155 http cache supports-color@https://registry.npmjs.org/supports-color/-/supports-color-5.5.0.tgz 0ms (cache hit)
1156 http cache simple-update-notifier@https://registry.npmjs.org/simple-update-notifier/-/simple-update-notifier-2.0.0.tgz 0ms (cache hit)
1157 http cache pstree.remy@https://registry.npmjs.org/pstree.remy/-/pstree.remy-1.1.8.tgz 0ms (cache hit)
1158 http cache ignore-by-default@https://registry.npmjs.org/ignore-by-default/-/ignore-by-default-1.0.1.tgz 0ms (cache hit)
1159 http cache minimist@https://registry.npmjs.org/minimist/-/minimist-1.2.8.tgz 0ms (cache hit)
1160 http cache chokidar@https://registry.npmjs.org/chokidar/-/chokidar-3.6.0.tgz 0ms (cache hit)
1161 http cache typedarray@https://registry.npmjs.org/typedarray/-/typedarray-0.0.6.tgz 0ms (cache hit)
1162 http cache readable-stream@https://registry.npmjs.org/readable-stream/-/readable-stream-2.3.8.tgz 0ms (cache hit)
1163 http cache buffer-from@https://registry.npmjs.org/buffer-from/-/buffer-from-1.1.2.tgz 0ms (cache hit)
1164 http cache xtend@https://registry.npmjs.org/xtend/-/xtend-4.0.2.tgz 0ms (cache hit)
1165 http cache streamsearch@https://registry.npmjs.org/streamsearch/-/streamsearch-1.1.0.tgz 0ms (cache hit)
1166 http cache object-assign@https://registry.npmjs.org/object-assign/-/object-assign-4.1.1.tgz 0ms (cache hit)
1167 http cache mkdirp@https://registry.npmjs.org/mkdirp/-/mkdirp-0.5.6.tgz 0ms (cache hit)
1168 http cache concat-stream@https://registry.npmjs.org/concat-stream/-/concat-stream-1.6.2.tgz 0ms (cache hit)
1169 http cache append-field@https://registry.npmjs.org/append-field/-/append-field-1.0.0.tgz 0ms (cache hit)
1170 http cache busboy@https://registry.npmjs.org/busboy/-/busboy-1.6.0.tgz 0ms (cache hit)
1171 http cache basic-auth@https://registry.npmjs.org/basic-auth/-/basic-auth-2.0.1.tgz 0ms (cache hit)
1172 http cache sift@https://registry.npmjs.org/sift/-/sift-17.1.3.tgz 0ms (cache hit)
1173 http cache mquery@https://registry.npmjs.org/mquery/-/mquery-5.0.0.tgz 0ms (cache hit)
1174 http cache mpath@https://registry.npmjs.org/mpath/-/mpath-0.9.0.tgz 0ms (cache hit)
1175 http cache kareem@https://registry.npmjs.org/kareem/-/kareem-2.6.3.tgz 0ms (cache hit)
1176 http cache whatwg-url@https://registry.npmjs.org/whatwg-url/-/whatwg-url-14.2.0.tgz 0ms (cache hit)
1177 http cache @types/webidl-conversions@https://registry.npmjs.org/@types/webidl-conversions/-/webidl-conversions-7.0.3.tgz 0ms (cache hit)
1178 http cache @types/whatwg-url@https://registry.npmjs.org/@types/whatwg-url/-/whatwg-url-11.0.5.tgz 0ms (cache hit)
1179 http cache sparse-bitfield@https://registry.npmjs.org/sparse-bitfield/-/sparse-bitfield-3.0.3.tgz 0ms (cache hit)
1180 http cache mongodb-connection-string-url@https://registry.npmjs.org/mongodb-connection-string-url/-/mongodb-connection-string-url-3.0.2.tgz 0ms (cache hit)
1181 http cache bson@https://registry.npmjs.org/bson/-/bson-6.10.4.tgz 0ms (cache hit)
1182 http cache @mongodb-js/saslprep@https://registry.npmjs.org/@mongodb-js/saslprep/-/saslprep-1.4.12.tgz 0ms (cache hit)
1183 http cache balanced-match@https://registry.npmjs.org/balanced-match/-/balanced-match-1.0.2.tgz 0ms (cache hit)
1184 http cache brace-expansion@https://registry.npmjs.org/brace-expansion/-/brace-expansion-2.1.2.tgz 0ms (cache hit)
1185 http cache mime-db@https://registry.npmjs.org/mime-db/-/mime-db-1.52.0.tgz 0ms (cache hit)
1186 http cache minimalistic-assert@https://registry.npmjs.org/minimalistic-assert/-/minimalistic-assert-1.0.1.tgz 0ms (cache hit)
1187 http cache @jas-/asn.1@https://registry.npmjs.org/@jas-/asn.1/-/asn.1-5.4.2.tgz 0ms (cache hit)
1188 http cache bn.js@https://registry.npmjs.org/bn.js/-/bn.js-5.2.5.tgz 0ms (cache hit)
1189 http cache ecdsa-sig-formatter@https://registry.npmjs.org/ecdsa-sig-formatter/-/ecdsa-sig-formatter-1.0.11.tgz 0ms (cache hit)
1190 http cache buffer-equal-constant-time@https://registry.npmjs.org/buffer-equal-constant-time/-/buffer-equal-constant-time-1.0.1.tgz 0ms (cache hit)
1191 http cache jwa@https://registry.npmjs.org/jwa/-/jwa-2.0.1.tgz 0ms (cache hit)
1192 http cache semver@https://registry.npmjs.org/semver/-/semver-7.8.5.tgz 0ms (cache hit)
1193 http cache lodash.isstring@https://registry.npmjs.org/lodash.isstring/-/lodash.isstring-4.0.1.tgz 0ms (cache hit)
1194 http cache lodash.once@https://registry.npmjs.org/lodash.once/-/lodash.once-4.1.1.tgz 0ms (cache hit)
1195 http cache lodash.isplainobject@https://registry.npmjs.org/lodash.isplainobject/-/lodash.isplainobject-4.0.6.tgz 0ms (cache hit)
1196 http cache lodash.isnumber@https://registry.npmjs.org/lodash.isnumber/-/lodash.isnumber-3.0.3.tgz 0ms (cache hit)
1197 http cache lodash.isboolean@https://registry.npmjs.org/lodash.isboolean/-/lodash.isboolean-3.0.3.tgz 0ms (cache hit)
1198 http cache lodash.isinteger@https://registry.npmjs.org/lodash.isinteger/-/lodash.isinteger-4.0.4.tgz 0ms (cache hit)
1199 http cache lodash.includes@https://registry.npmjs.org/lodash.includes/-/lodash.includes-4.3.0.tgz 0ms (cache hit)
1200 http cache jws@https://registry.npmjs.org/jws/-/jws-4.0.1.tgz 0ms (cache hit)
1201 http cache minimatch@https://registry.npmjs.org/minimatch/-/minimatch-5.1.9.tgz 0ms (cache hit)
1202 http cache picocolors@https://registry.npmjs.org/picocolors/-/picocolors-1.1.1.tgz 0ms (cache hit)
1203 http cache filelist@https://registry.npmjs.org/filelist/-/filelist-1.0.6.tgz 0ms (cache hit)
1204 http cache async@https://registry.npmjs.org/async/-/async-3.2.6.tgz 0ms (cache hit)
1205 http cache safer-buffer@https://registry.npmjs.org/safer-buffer/-/safer-buffer-2.1.2.tgz 0ms (cache hit)
1206 http cache inherits@https://registry.npmjs.org/inherits/-/inherits-2.0.4.tgz 0ms (cache hit)
1207 http cache toidentifier@https://registry.npmjs.org/toidentifier/-/toidentifier-1.0.0.tgz 0ms (cache hit)
1208 http cache validator@https://registry.npmjs.org/validator/-/validator-13.15.35.tgz 0ms (cache hit)
1209 http cache unpipe@https://registry.npmjs.org/unpipe/-/unpipe-1.0.0.tgz 0ms (cache hit)
1210 http cache on-headers@https://registry.npmjs.org/on-headers/-/on-headers-1.1.0.tgz 0ms (cache hit)
1211 http cache lodash@https://registry.npmjs.org/lodash/-/lodash-4.18.1.tgz 0ms (cache hit)
1212 http cache raw-body@https://registry.npmjs.org/raw-body/-/raw-body-2.5.3.tgz 0ms (cache hit)
1213 http cache iconv-lite@https://registry.npmjs.org/iconv-lite/-/iconv-lite-0.4.24.tgz 0ms (cache hit)
1214 http cache destroy@https://registry.npmjs.org/destroy/-/destroy-1.2.0.tgz 0ms (cache hit)
1215 http cache bytes@https://registry.npmjs.org/bytes/-/bytes-3.1.2.tgz 0ms (cache hit)
1216 http cache negotiator@https://registry.npmjs.org/negotiator/-/negotiator-0.6.3.tgz 0ms (cache hit)
1217 http cache mime-types@https://registry.npmjs.org/mime-types/-/mime-types-2.1.35.tgz 0ms (cache hit)
1218 http cache vary@https://registry.npmjs.org/vary/-/vary-1.1.2.tgz 0ms (cache hit)
1219 http cache utils-merge@https://registry.npmjs.org/utils-merge/-/utils-merge-1.0.1.tgz 0ms (cache hit)
1220 http cache type-is@https://registry.npmjs.org/type-is/-/type-is-1.6.18.tgz 0ms (cache hit)
1221 http cache setprototypeof@https://registry.npmjs.org/setprototypeof/-/setprototypeof-1.2.0.tgz 0ms (cache hit)
1222 http cache serve-static@https://registry.npmjs.org/serve-static/-/serve-static-1.16.3.tgz 0ms (cache hit)
1223 http cache send@https://registry.npmjs.org/send/-/send-0.19.2.tgz 0ms (cache hit)
1224 http cache safe-buffer@https://registry.npmjs.org/safe-buffer/-/safe-buffer-5.2.1.tgz 0ms (cache hit)
1225 http cache qs@https://registry.npmjs.org/qs/-/qs-6.15.3.tgz 0ms (cache hit)
1226 http cache range-parser@https://registry.npmjs.org/range-parser/-/range-parser-1.2.1.tgz 0ms (cache hit)
1227 http cache proxy-addr@https://registry.npmjs.org/proxy-addr/-/proxy-addr-2.0.7.tgz 0ms (cache hit)
1228 http cache path-to-regexp@https://registry.npmjs.org/path-to-regexp/-/path-to-regexp-0.1.13.tgz 0ms (cache hit)
1229 http cache parseurl@https://registry.npmjs.org/parseurl/-/parseurl-1.3.3.tgz 0ms (cache hit)
1230 http cache on-finished@https://registry.npmjs.org/on-finished/-/on-finished-2.4.1.tgz 0ms (cache hit)
1231 http cache methods@https://registry.npmjs.org/methods/-/methods-1.1.2.tgz 0ms (cache hit)
1232 http cache merge-descriptors@https://registry.npmjs.org/merge-descriptors/-/merge-descriptors-1.0.3.tgz 0ms (cache hit)
1233 http cache fresh@https://registry.npmjs.org/fresh/-/fresh-0.5.2.tgz 0ms (cache hit)
1234 http cache finalhandler@https://registry.npmjs.org/finalhandler/-/finalhandler-1.3.2.tgz 0ms (cache hit)
1235 http cache etag@https://registry.npmjs.org/etag/-/etag-1.8.1.tgz 0ms (cache hit)
1236 http cache encodeurl@https://registry.npmjs.org/encodeurl/-/encodeurl-2.0.0.tgz 0ms (cache hit)
1237 http cache depd@https://registry.npmjs.org/depd/-/depd-2.0.0.tgz 0ms (cache hit)
1238 http cache content-type@https://registry.npmjs.org/content-type/-/content-type-1.0.5.tgz 0ms (cache hit)
1239 http cache escape-html@https://registry.npmjs.org/escape-html/-/escape-html-1.0.3.tgz 0ms (cache hit)
1240 http cache body-parser@https://registry.npmjs.org/body-parser/-/body-parser-1.20.6.tgz 0ms (cache hit)
1241 http cache content-disposition@https://registry.npmjs.org/content-disposition/-/content-disposition-0.5.4.tgz 0ms (cache hit)
1242 http cache array-flatten@https://registry.npmjs.org/array-flatten/-/array-flatten-1.1.1.tgz 0ms (cache hit)
1243 http cache accepts@https://registry.npmjs.org/accepts/-/accepts-1.3.8.tgz 0ms (cache hit)
1244 http cache ms@https://registry.npmjs.org/ms/-/ms-2.1.3.tgz 0ms (cache hit)
1245 http cache statuses@https://registry.npmjs.org/statuses/-/statuses-2.0.2.tgz 0ms (cache hit)
1246 http cache jake@https://registry.npmjs.org/jake/-/jake-10.9.4.tgz 0ms (cache hit)
1247 http cache uid-safe@https://registry.npmjs.org/uid-safe/-/uid-safe-2.1.5.tgz 0ms (cache hit)
1248 http cache tsscmp@https://registry.npmjs.org/tsscmp/-/tsscmp-1.0.6.tgz 0ms (cache hit)
1249 http cache rndm@https://registry.npmjs.org/rndm/-/rndm-1.2.0.tgz 0ms (cache hit)
1250 http cache csrf@https://registry.npmjs.org/csrf/-/csrf-3.1.0.tgz 0ms (cache hit)
1251 http cache cookie-signature@https://registry.npmjs.org/cookie-signature/-/cookie-signature-1.0.6.tgz 0ms (cache hit)
1252 http cache cookie@https://registry.npmjs.org/cookie/-/cookie-0.4.0.tgz 0ms (cache hit)
1253 http cache kruptein@https://registry.npmjs.org/kruptein/-/kruptein-3.4.0.tgz 0ms (cache hit)
1254 http cache debug@https://registry.npmjs.org/debug/-/debug-4.4.3.tgz 0ms (cache hit)
1255 http cache stripe@https://registry.npmjs.org/stripe/-/stripe-17.7.0.tgz 0ms (cache hit)
1256 http cache nodemon@https://registry.npmjs.org/nodemon/-/nodemon-3.1.14.tgz 0ms (cache hit)
1257 http cache nodemailer@https://registry.npmjs.org/nodemailer/-/nodemailer-6.10.1.tgz 0ms (cache hit)
1258 http cache xss@https://registry.npmjs.org/xss/-/xss-1.0.15.tgz 0ms (cache hit)
1259 http cache morgan@https://registry.npmjs.org/morgan/-/morgan-1.11.0.tgz 0ms (cache hit)
1260 http cache multer@https://registry.npmjs.org/multer/-/multer-1.4.5-lts.2.tgz 0ms (cache hit)
1261 http cache mongoose@https://registry.npmjs.org/mongoose/-/mongoose-8.24.1.tgz 0ms (cache hit)
1262 http cache method-override@https://registry.npmjs.org/method-override/-/method-override-3.0.0.tgz 0ms (cache hit)
1263 http cache jsonwebtoken@https://registry.npmjs.org/jsonwebtoken/-/jsonwebtoken-9.0.3.tgz 0ms (cache hit)
1264 http cache express-validator@https://registry.npmjs.org/express-validator/-/express-validator-7.3.2.tgz 0ms (cache hit)
1265 http cache express-rate-limit@https://registry.npmjs.org/express-rate-limit/-/express-rate-limit-7.5.1.tgz 0ms (cache hit)
1266 http cache helmet@https://registry.npmjs.org/helmet/-/helmet-8.3.0.tgz 0ms (cache hit)
1267 http cache express@https://registry.npmjs.org/express/-/express-4.22.2.tgz 0ms (cache hit)
1268 http cache ejs@https://registry.npmjs.org/ejs/-/ejs-3.1.10.tgz 0ms (cache hit)
1269 http cache csurf@https://registry.npmjs.org/csurf/-/csurf-1.11.0.tgz 0ms (cache hit)
1270 http cache express-session@https://registry.npmjs.org/express-session/-/express-session-1.19.0.tgz 0ms (cache hit)
1271 http cache connect-mongo@https://registry.npmjs.org/connect-mongo/-/connect-mongo-5.1.0.tgz 0ms (cache hit)
1272 http cache bcryptjs@https://registry.npmjs.org/bcryptjs/-/bcryptjs-2.4.3.tgz 0ms (cache hit)
1273 http cache mongodb@https://registry.npmjs.org/mongodb/-/mongodb-6.21.0.tgz 0ms (cache hit)
1274 http cache dotenv@https://registry.npmjs.org/dotenv/-/dotenv-16.6.1.tgz 0ms (cache hit)
1275 http cache safe-buffer@https://registry.npmjs.org/safe-buffer/-/safe-buffer-5.1.2.tgz 0ms (cache hit)
1276 http cache safe-buffer@https://registry.npmjs.org/safe-buffer/-/safe-buffer-5.1.2.tgz 0ms (cache hit)
1277 http cache toidentifier@https://registry.npmjs.org/toidentifier/-/toidentifier-1.0.1.tgz 0ms (cache hit)
1278 http cache safe-buffer@https://registry.npmjs.org/safe-buffer/-/safe-buffer-5.1.2.tgz 0ms (cache hit)
1279 http cache http-errors@https://registry.npmjs.org/http-errors/-/http-errors-2.0.1.tgz 0ms (cache hit)
1280 http cache toidentifier@https://registry.npmjs.org/toidentifier/-/toidentifier-1.0.1.tgz 0ms (cache hit)
1281 http cache debug@https://registry.npmjs.org/debug/-/debug-2.6.9.tgz 0ms (cache hit)
1282 http cache http-errors@https://registry.npmjs.org/http-errors/-/http-errors-2.0.1.tgz 0ms (cache hit)
1283 http cache toidentifier@https://registry.npmjs.org/toidentifier/-/toidentifier-1.0.1.tgz 0ms (cache hit)
1284 http cache ms@https://registry.npmjs.org/ms/-/ms-2.0.0.tgz 0ms (cache hit)
1285 http cache ms@https://registry.npmjs.org/ms/-/ms-2.0.0.tgz 0ms (cache hit)
1286 http cache ms@https://registry.npmjs.org/ms/-/ms-2.0.0.tgz 0ms (cache hit)
1287 http cache http-errors@https://registry.npmjs.org/http-errors/-/http-errors-2.0.1.tgz 0ms (cache hit)
1288 http cache debug@https://registry.npmjs.org/debug/-/debug-2.6.9.tgz 0ms (cache hit)
1289 http cache debug@https://registry.npmjs.org/debug/-/debug-2.6.9.tgz 0ms (cache hit)
1290 http cache statuses@https://registry.npmjs.org/statuses/-/statuses-1.5.0.tgz 0ms (cache hit)
1291 http cache balanced-match@https://registry.npmjs.org/balanced-match/-/balanced-match-4.0.4.tgz 0ms (cache hit)
1292 http cache depd@https://registry.npmjs.org/depd/-/depd-1.1.2.tgz 0ms (cache hit)
1293 http cache setprototypeof@https://registry.npmjs.org/setprototypeof/-/setprototypeof-1.1.1.tgz 0ms (cache hit)
1294 http cache minimatch@https://registry.npmjs.org/minimatch/-/minimatch-10.2.5.tgz 0ms (cache hit)
1295 http cache brace-expansion@https://registry.npmjs.org/brace-expansion/-/brace-expansion-5.0.8.tgz 0ms (cache hit)
1296 http cache ms@https://registry.npmjs.org/ms/-/ms-2.0.0.tgz 0ms (cache hit)
1297 http cache mongodb@https://registry.npmjs.org/mongodb/-/mongodb-6.20.0.tgz 0ms (cache hit)
1298 http cache debug@https://registry.npmjs.org/debug/-/debug-2.6.9.tgz 0ms (cache hit)
1299 http cache toidentifier@https://registry.npmjs.org/toidentifier/-/toidentifier-1.0.1.tgz 0ms (cache hit)
1300 http cache debug@https://registry.npmjs.org/debug/-/debug-2.6.9.tgz 0ms (cache hit)
1301 http cache cookie@https://registry.npmjs.org/cookie/-/cookie-0.7.2.tgz 0ms (cache hit)
1302 http cache ms@https://registry.npmjs.org/ms/-/ms-2.0.0.tgz 0ms (cache hit)
1303 http cache ms@https://registry.npmjs.org/ms/-/ms-2.0.0.tgz 0ms (cache hit)
1304 http cache http-errors@https://registry.npmjs.org/http-errors/-/http-errors-2.0.1.tgz 0ms (cache hit)
1305 http cache ms@https://registry.npmjs.org/ms/-/ms-2.0.0.tgz 0ms (cache hit)
1306 http cache cookie@https://registry.npmjs.org/cookie/-/cookie-0.7.2.tgz 0ms (cache hit)
1307 http cache cookie-signature@https://registry.npmjs.org/cookie-signature/-/cookie-signature-1.0.7.tgz 0ms (cache hit)
1308 http cache debug@https://registry.npmjs.org/debug/-/debug-3.1.0.tgz 0ms (cache hit)
1309 http cache http-errors@https://registry.npmjs.org/http-errors/-/http-errors-1.7.3.tgz 0ms (cache hit)
1310 http cache debug@https://registry.npmjs.org/debug/-/debug-2.6.9.tgz 0ms (cache hit)
1311 silly tarball no local data for cssfilter@https://registry.npmjs.org/cssfilter/-/cssfilter-0.0.10.tgz. Extracting by manifest.
1312 silly tarball no local data for commander@https://registry.npmjs.org/commander/-/commander-2.20.3.tgz. Extracting by manifest.
1313 silly tarball no local data for punycode@https://registry.npmjs.org/punycode/-/punycode-2.3.1.tgz. Extracting by manifest.
1314 silly tarball no local data for webidl-conversions@https://registry.npmjs.org/webidl-conversions/-/webidl-conversions-7.0.0.tgz. Extracting by manifest.
1315 silly tarball no local data for tr46@https://registry.npmjs.org/tr46/-/tr46-5.1.1.tgz. Extracting by manifest.
1316 silly tarball no local data for random-bytes@https://registry.npmjs.org/random-bytes/-/random-bytes-1.0.0.tgz. Extracting by manifest.
1317 silly tarball no local data for media-typer@https://registry.npmjs.org/media-typer/-/media-typer-0.3.0.tgz. Extracting by manifest.
1318 silly tarball no local data for undici-types@https://registry.npmjs.org/undici-types/-/undici-types-8.3.0.tgz. Extracting by manifest.
1319 silly tarball no local data for is-number@https://registry.npmjs.org/is-number/-/is-number-7.0.0.tgz. Extracting by manifest.
1320 silly tarball no local data for @types/node@https://registry.npmjs.org/@types/node/-/node-26.1.1.tgz. Extracting by manifest.
1321 silly tarball no local data for has-flag@https://registry.npmjs.org/has-flag/-/has-flag-3.0.0.tgz. Extracting by manifest.
1322 silly tarball no local data for memory-pager@https://registry.npmjs.org/memory-pager/-/memory-pager-1.5.0.tgz. Extracting by manifest.
1323 silly tarball no local data for dunder-proto@https://registry.npmjs.org/dunder-proto/-/dunder-proto-1.0.1.tgz. Extracting by manifest.
1324 silly tarball no local data for math-intrinsics@https://registry.npmjs.org/math-intrinsics/-/math-intrinsics-1.1.0.tgz. Extracting by manifest.
1325 silly tarball no local data for has-symbols@https://registry.npmjs.org/has-symbols/-/has-symbols-1.1.0.tgz. Extracting by manifest.
1326 silly tarball no local data for gopd@https://registry.npmjs.org/gopd/-/gopd-1.2.0.tgz. Extracting by manifest.
1327 silly tarball no local data for get-proto@https://registry.npmjs.org/get-proto/-/get-proto-1.0.1.tgz. Extracting by manifest.
1328 silly tarball no local data for function-bind@https://registry.npmjs.org/function-bind/-/function-bind-1.1.2.tgz. Extracting by manifest.
1329 silly tarball no local data for es-object-atoms@https://registry.npmjs.org/es-object-atoms/-/es-object-atoms-1.1.2.tgz. Extracting by manifest.
1330 silly tarball no local data for call-bind-apply-helpers@https://registry.npmjs.org/call-bind-apply-helpers/-/call-bind-apply-helpers-1.0.2.tgz. Extracting by manifest.
1331 silly tarball no local data for call-bound@https://registry.npmjs.org/call-bound/-/call-bound-1.0.4.tgz. Extracting by manifest.
1332 silly tarball no local data for side-channel-map@https://registry.npmjs.org/side-channel-map/-/side-channel-map-1.0.1.tgz. Extracting by manifest.
1333 silly tarball no local data for get-intrinsic@https://registry.npmjs.org/get-intrinsic/-/get-intrinsic-1.3.0.tgz. Extracting by manifest.
1334 silly tarball no local data for side-channel-weakmap@https://registry.npmjs.org/side-channel-weakmap/-/side-channel-weakmap-1.0.2.tgz. Extracting by manifest.
1335 silly tarball no local data for side-channel-list@https://registry.npmjs.org/side-channel-list/-/side-channel-list-1.0.1.tgz. Extracting by manifest.
1336 silly tarball no local data for hasown@https://registry.npmjs.org/hasown/-/hasown-2.0.4.tgz. Extracting by manifest.
1337 silly tarball no local data for object-inspect@https://registry.npmjs.org/object-inspect/-/object-inspect-1.13.4.tgz. Extracting by manifest.
1338 silly tarball no local data for es-errors@https://registry.npmjs.org/es-errors/-/es-errors-1.3.0.tgz. Extracting by manifest.
1339 silly tarball no local data for mime@https://registry.npmjs.org/mime/-/mime-1.6.0.tgz. Extracting by manifest.
1340 silly tarball no local data for util-deprecate@https://registry.npmjs.org/util-deprecate/-/util-deprecate-1.0.2.tgz. Extracting by manifest.
1341 silly tarball no local data for string_decoder@https://registry.npmjs.org/string_decoder/-/string_decoder-1.1.1.tgz. Extracting by manifest.
1342 silly tarball no local data for process-nextick-args@https://registry.npmjs.org/process-nextick-args/-/process-nextick-args-2.0.1.tgz. Extracting by manifest.
1343 silly tarball no local data for isarray@https://registry.npmjs.org/isarray/-/isarray-1.0.0.tgz. Extracting by manifest.
1344 silly tarball no local data for core-util-is@https://registry.npmjs.org/core-util-is/-/core-util-is-1.0.3.tgz. Extracting by manifest.
1345 silly tarball no local data for side-channel@https://registry.npmjs.org/side-channel/-/side-channel-1.1.1.tgz. Extracting by manifest.
1346 silly tarball no local data for es-define-property@https://registry.npmjs.org/es-define-property/-/es-define-property-1.0.1.tgz. Extracting by manifest.
1347 silly tarball no local data for ipaddr.js@https://registry.npmjs.org/ipaddr.js/-/ipaddr.js-1.9.1.tgz. Extracting by manifest.
1348 silly tarball no local data for forwarded@https://registry.npmjs.org/forwarded/-/forwarded-0.2.0.tgz. Extracting by manifest.
1349 silly tarball no local data for ee-first@https://registry.npmjs.org/ee-first/-/ee-first-1.1.1.tgz. Extracting by manifest.
1350 silly tarball no local data for binary-extensions@https://registry.npmjs.org/binary-extensions/-/binary-extensions-2.3.0.tgz. Extracting by manifest.
1351 silly tarball no local data for is-extglob@https://registry.npmjs.org/is-extglob/-/is-extglob-2.1.1.tgz. Extracting by manifest.
1352 silly tarball no local data for to-regex-range@https://registry.npmjs.org/to-regex-range/-/to-regex-range-5.0.1.tgz. Extracting by manifest.
1353 silly tarball no local data for fill-range@https://registry.npmjs.org/fill-range/-/fill-range-7.1.1.tgz. Extracting by manifest.
1354 silly tarball no local data for picomatch@https://registry.npmjs.org/picomatch/-/picomatch-2.3.2.tgz. Extracting by manifest.
1355 silly tarball no local data for readdirp@https://registry.npmjs.org/readdirp/-/readdirp-3.6.0.tgz. Extracting by manifest.
1356 silly tarball no local data for normalize-path@https://registry.npmjs.org/normalize-path/-/normalize-path-3.0.0.tgz. Extracting by manifest.
1357 silly tarball no local data for is-glob@https://registry.npmjs.org/is-glob/-/is-glob-4.0.3.tgz. Extracting by manifest.
1358 silly tarball no local data for is-binary-path@https://registry.npmjs.org/is-binary-path/-/is-binary-path-2.1.0.tgz. Extracting by manifest.
1359 silly tarball no local data for glob-parent@https://registry.npmjs.org/glob-parent/-/glob-parent-5.1.2.tgz. Extracting by manifest.
1360 silly tarball no local data for fsevents@https://registry.npmjs.org/fsevents/-/fsevents-2.3.3.tgz. Extracting by manifest.
1361 silly tarball no local data for braces@https://registry.npmjs.org/braces/-/braces-3.0.3.tgz. Extracting by manifest.
1362 silly tarball no local data for anymatch@https://registry.npmjs.org/anymatch/-/anymatch-3.1.3.tgz. Extracting by manifest.
1363 silly tarball no local data for undefsafe@https://registry.npmjs.org/undefsafe/-/undefsafe-2.0.5.tgz. Extracting by manifest.
1364 silly tarball no local data for touch@https://registry.npmjs.org/touch/-/touch-3.1.1.tgz. Extracting by manifest.
1365 silly tarball no local data for supports-color@https://registry.npmjs.org/supports-color/-/supports-color-5.5.0.tgz. Extracting by manifest.
1366 silly tarball no local data for simple-update-notifier@https://registry.npmjs.org/simple-update-notifier/-/simple-update-notifier-2.0.0.tgz. Extracting by manifest.
1367 silly tarball no local data for pstree.remy@https://registry.npmjs.org/pstree.remy/-/pstree.remy-1.1.8.tgz. Extracting by manifest.
1368 silly tarball no local data for ignore-by-default@https://registry.npmjs.org/ignore-by-default/-/ignore-by-default-1.0.1.tgz. Extracting by manifest.
1369 silly tarball no local data for minimist@https://registry.npmjs.org/minimist/-/minimist-1.2.8.tgz. Extracting by manifest.
1370 silly tarball no local data for chokidar@https://registry.npmjs.org/chokidar/-/chokidar-3.6.0.tgz. Extracting by manifest.
1371 silly tarball no local data for typedarray@https://registry.npmjs.org/typedarray/-/typedarray-0.0.6.tgz. Extracting by manifest.
1372 silly tarball no local data for readable-stream@https://registry.npmjs.org/readable-stream/-/readable-stream-2.3.8.tgz. Extracting by manifest.
1373 silly tarball no local data for buffer-from@https://registry.npmjs.org/buffer-from/-/buffer-from-1.1.2.tgz. Extracting by manifest.
1374 silly tarball no local data for xtend@https://registry.npmjs.org/xtend/-/xtend-4.0.2.tgz. Extracting by manifest.
1375 silly tarball no local data for streamsearch@https://registry.npmjs.org/streamsearch/-/streamsearch-1.1.0.tgz. Extracting by manifest.
1376 silly tarball no local data for object-assign@https://registry.npmjs.org/object-assign/-/object-assign-4.1.1.tgz. Extracting by manifest.
1377 silly tarball no local data for mkdirp@https://registry.npmjs.org/mkdirp/-/mkdirp-0.5.6.tgz. Extracting by manifest.
1378 silly tarball no local data for concat-stream@https://registry.npmjs.org/concat-stream/-/concat-stream-1.6.2.tgz. Extracting by manifest.
1379 silly tarball no local data for append-field@https://registry.npmjs.org/append-field/-/append-field-1.0.0.tgz. Extracting by manifest.
1380 silly tarball no local data for busboy@https://registry.npmjs.org/busboy/-/busboy-1.6.0.tgz. Extracting by manifest.
1381 silly tarball no local data for basic-auth@https://registry.npmjs.org/basic-auth/-/basic-auth-2.0.1.tgz. Extracting by manifest.
1382 silly tarball no local data for sift@https://registry.npmjs.org/sift/-/sift-17.1.3.tgz. Extracting by manifest.
1383 silly tarball no local data for mquery@https://registry.npmjs.org/mquery/-/mquery-5.0.0.tgz. Extracting by manifest.
1384 silly tarball no local data for mpath@https://registry.npmjs.org/mpath/-/mpath-0.9.0.tgz. Extracting by manifest.
1385 silly tarball no local data for kareem@https://registry.npmjs.org/kareem/-/kareem-2.6.3.tgz. Extracting by manifest.
1386 silly tarball no local data for whatwg-url@https://registry.npmjs.org/whatwg-url/-/whatwg-url-14.2.0.tgz. Extracting by manifest.
1387 silly tarball no local data for @types/webidl-conversions@https://registry.npmjs.org/@types/webidl-conversions/-/webidl-conversions-7.0.3.tgz. Extracting by manifest.
1388 silly tarball no local data for @types/whatwg-url@https://registry.npmjs.org/@types/whatwg-url/-/whatwg-url-11.0.5.tgz. Extracting by manifest.
1389 silly tarball no local data for sparse-bitfield@https://registry.npmjs.org/sparse-bitfield/-/sparse-bitfield-3.0.3.tgz. Extracting by manifest.
1390 silly tarball no local data for mongodb-connection-string-url@https://registry.npmjs.org/mongodb-connection-string-url/-/mongodb-connection-string-url-3.0.2.tgz. Extracting by manifest.
1391 silly tarball no local data for bson@https://registry.npmjs.org/bson/-/bson-6.10.4.tgz. Extracting by manifest.
1392 silly tarball no local data for @mongodb-js/saslprep@https://registry.npmjs.org/@mongodb-js/saslprep/-/saslprep-1.4.12.tgz. Extracting by manifest.
1393 silly tarball no local data for balanced-match@https://registry.npmjs.org/balanced-match/-/balanced-match-1.0.2.tgz. Extracting by manifest.
1394 silly tarball no local data for brace-expansion@https://registry.npmjs.org/brace-expansion/-/brace-expansion-2.1.2.tgz. Extracting by manifest.
1395 silly tarball no local data for mime-db@https://registry.npmjs.org/mime-db/-/mime-db-1.52.0.tgz. Extracting by manifest.
1396 silly tarball no local data for minimalistic-assert@https://registry.npmjs.org/minimalistic-assert/-/minimalistic-assert-1.0.1.tgz. Extracting by manifest.
1397 silly tarball no local data for @jas-/asn.1@https://registry.npmjs.org/@jas-/asn.1/-/asn.1-5.4.2.tgz. Extracting by manifest.
1398 silly tarball no local data for bn.js@https://registry.npmjs.org/bn.js/-/bn.js-5.2.5.tgz. Extracting by manifest.
1399 silly tarball no local data for ecdsa-sig-formatter@https://registry.npmjs.org/ecdsa-sig-formatter/-/ecdsa-sig-formatter-1.0.11.tgz. Extracting by manifest.
1400 silly tarball no local data for buffer-equal-constant-time@https://registry.npmjs.org/buffer-equal-constant-time/-/buffer-equal-constant-time-1.0.1.tgz. Extracting by manifest.
1401 silly tarball no local data for jwa@https://registry.npmjs.org/jwa/-/jwa-2.0.1.tgz. Extracting by manifest.
1402 silly tarball no local data for semver@https://registry.npmjs.org/semver/-/semver-7.8.5.tgz. Extracting by manifest.
1403 silly tarball no local data for lodash.isstring@https://registry.npmjs.org/lodash.isstring/-/lodash.isstring-4.0.1.tgz. Extracting by manifest.
1404 silly tarball no local data for lodash.once@https://registry.npmjs.org/lodash.once/-/lodash.once-4.1.1.tgz. Extracting by manifest.
1405 silly tarball no local data for lodash.isplainobject@https://registry.npmjs.org/lodash.isplainobject/-/lodash.isplainobject-4.0.6.tgz. Extracting by manifest.
1406 silly tarball no local data for lodash.isnumber@https://registry.npmjs.org/lodash.isnumber/-/lodash.isnumber-3.0.3.tgz. Extracting by manifest.
1407 silly tarball no local data for lodash.isboolean@https://registry.npmjs.org/lodash.isboolean/-/lodash.isboolean-3.0.3.tgz. Extracting by manifest.
1408 silly tarball no local data for lodash.isinteger@https://registry.npmjs.org/lodash.isinteger/-/lodash.isinteger-4.0.4.tgz. Extracting by manifest.
1409 silly tarball no local data for lodash.includes@https://registry.npmjs.org/lodash.includes/-/lodash.includes-4.3.0.tgz. Extracting by manifest.
1410 silly tarball no local data for jws@https://registry.npmjs.org/jws/-/jws-4.0.1.tgz. Extracting by manifest.
1411 silly tarball no local data for minimatch@https://registry.npmjs.org/minimatch/-/minimatch-5.1.9.tgz. Extracting by manifest.
1412 silly tarball no local data for picocolors@https://registry.npmjs.org/picocolors/-/picocolors-1.1.1.tgz. Extracting by manifest.
1413 silly tarball no local data for filelist@https://registry.npmjs.org/filelist/-/filelist-1.0.6.tgz. Extracting by manifest.
1414 silly tarball no local data for async@https://registry.npmjs.org/async/-/async-3.2.6.tgz. Extracting by manifest.
1415 silly tarball no local data for safer-buffer@https://registry.npmjs.org/safer-buffer/-/safer-buffer-2.1.2.tgz. Extracting by manifest.
1416 silly tarball no local data for inherits@https://registry.npmjs.org/inherits/-/inherits-2.0.4.tgz. Extracting by manifest.
1417 silly tarball no local data for toidentifier@https://registry.npmjs.org/toidentifier/-/toidentifier-1.0.0.tgz. Extracting by manifest.
1418 silly tarball no local data for validator@https://registry.npmjs.org/validator/-/validator-13.15.35.tgz. Extracting by manifest.
1419 silly tarball no local data for unpipe@https://registry.npmjs.org/unpipe/-/unpipe-1.0.0.tgz. Extracting by manifest.
1420 silly tarball no local data for on-headers@https://registry.npmjs.org/on-headers/-/on-headers-1.1.0.tgz. Extracting by manifest.
1421 silly tarball no local data for lodash@https://registry.npmjs.org/lodash/-/lodash-4.18.1.tgz. Extracting by manifest.
1422 silly tarball no local data for raw-body@https://registry.npmjs.org/raw-body/-/raw-body-2.5.3.tgz. Extracting by manifest.
1423 silly tarball no local data for iconv-lite@https://registry.npmjs.org/iconv-lite/-/iconv-lite-0.4.24.tgz. Extracting by manifest.
1424 silly tarball no local data for destroy@https://registry.npmjs.org/destroy/-/destroy-1.2.0.tgz. Extracting by manifest.
1425 silly tarball no local data for bytes@https://registry.npmjs.org/bytes/-/bytes-3.1.2.tgz. Extracting by manifest.
1426 silly tarball no local data for negotiator@https://registry.npmjs.org/negotiator/-/negotiator-0.6.3.tgz. Extracting by manifest.
1427 silly tarball no local data for mime-types@https://registry.npmjs.org/mime-types/-/mime-types-2.1.35.tgz. Extracting by manifest.
1428 silly tarball no local data for vary@https://registry.npmjs.org/vary/-/vary-1.1.2.tgz. Extracting by manifest.
1429 silly tarball no local data for utils-merge@https://registry.npmjs.org/utils-merge/-/utils-merge-1.0.1.tgz. Extracting by manifest.
1430 silly tarball no local data for type-is@https://registry.npmjs.org/type-is/-/type-is-1.6.18.tgz. Extracting by manifest.
1431 silly tarball no local data for setprototypeof@https://registry.npmjs.org/setprototypeof/-/setprototypeof-1.2.0.tgz. Extracting by manifest.
1432 silly tarball no local data for serve-static@https://registry.npmjs.org/serve-static/-/serve-static-1.16.3.tgz. Extracting by manifest.
1433 silly tarball no local data for send@https://registry.npmjs.org/send/-/send-0.19.2.tgz. Extracting by manifest.
1434 silly tarball no local data for safe-buffer@https://registry.npmjs.org/safe-buffer/-/safe-buffer-5.2.1.tgz. Extracting by manifest.
1435 silly tarball no local data for qs@https://registry.npmjs.org/qs/-/qs-6.15.3.tgz. Extracting by manifest.
1436 silly tarball no local data for range-parser@https://registry.npmjs.org/range-parser/-/range-parser-1.2.1.tgz. Extracting by manifest.
1437 silly tarball no local data for proxy-addr@https://registry.npmjs.org/proxy-addr/-/proxy-addr-2.0.7.tgz. Extracting by manifest.
1438 silly tarball no local data for path-to-regexp@https://registry.npmjs.org/path-to-regexp/-/path-to-regexp-0.1.13.tgz. Extracting by manifest.
1439 silly tarball no local data for parseurl@https://registry.npmjs.org/parseurl/-/parseurl-1.3.3.tgz. Extracting by manifest.
1440 silly tarball no local data for on-finished@https://registry.npmjs.org/on-finished/-/on-finished-2.4.1.tgz. Extracting by manifest.
1441 silly tarball no local data for methods@https://registry.npmjs.org/methods/-/methods-1.1.2.tgz. Extracting by manifest.
1442 silly tarball no local data for merge-descriptors@https://registry.npmjs.org/merge-descriptors/-/merge-descriptors-1.0.3.tgz. Extracting by manifest.
1443 silly tarball no local data for fresh@https://registry.npmjs.org/fresh/-/fresh-0.5.2.tgz. Extracting by manifest.
1444 silly tarball no local data for finalhandler@https://registry.npmjs.org/finalhandler/-/finalhandler-1.3.2.tgz. Extracting by manifest.
1445 silly tarball no local data for etag@https://registry.npmjs.org/etag/-/etag-1.8.1.tgz. Extracting by manifest.
1446 silly tarball no local data for encodeurl@https://registry.npmjs.org/encodeurl/-/encodeurl-2.0.0.tgz. Extracting by manifest.
1447 silly tarball no local data for depd@https://registry.npmjs.org/depd/-/depd-2.0.0.tgz. Extracting by manifest.
1448 silly tarball no local data for content-type@https://registry.npmjs.org/content-type/-/content-type-1.0.5.tgz. Extracting by manifest.
1449 silly tarball no local data for escape-html@https://registry.npmjs.org/escape-html/-/escape-html-1.0.3.tgz. Extracting by manifest.
1450 silly tarball no local data for body-parser@https://registry.npmjs.org/body-parser/-/body-parser-1.20.6.tgz. Extracting by manifest.
1451 silly tarball no local data for content-disposition@https://registry.npmjs.org/content-disposition/-/content-disposition-0.5.4.tgz. Extracting by manifest.
1452 silly tarball no local data for array-flatten@https://registry.npmjs.org/array-flatten/-/array-flatten-1.1.1.tgz. Extracting by manifest.
1453 silly tarball no local data for accepts@https://registry.npmjs.org/accepts/-/accepts-1.3.8.tgz. Extracting by manifest.
1454 silly tarball no local data for ms@https://registry.npmjs.org/ms/-/ms-2.1.3.tgz. Extracting by manifest.
1455 silly tarball no local data for statuses@https://registry.npmjs.org/statuses/-/statuses-2.0.2.tgz. Extracting by manifest.
1456 silly tarball no local data for jake@https://registry.npmjs.org/jake/-/jake-10.9.4.tgz. Extracting by manifest.
1457 silly tarball no local data for uid-safe@https://registry.npmjs.org/uid-safe/-/uid-safe-2.1.5.tgz. Extracting by manifest.
1458 silly tarball no local data for tsscmp@https://registry.npmjs.org/tsscmp/-/tsscmp-1.0.6.tgz. Extracting by manifest.
1459 silly tarball no local data for rndm@https://registry.npmjs.org/rndm/-/rndm-1.2.0.tgz. Extracting by manifest.
1460 silly tarball no local data for csrf@https://registry.npmjs.org/csrf/-/csrf-3.1.0.tgz. Extracting by manifest.
1461 silly tarball no local data for cookie-signature@https://registry.npmjs.org/cookie-signature/-/cookie-signature-1.0.6.tgz. Extracting by manifest.
1462 silly tarball no local data for cookie@https://registry.npmjs.org/cookie/-/cookie-0.4.0.tgz. Extracting by manifest.
1463 silly tarball no local data for kruptein@https://registry.npmjs.org/kruptein/-/kruptein-3.4.0.tgz. Extracting by manifest.
1464 silly tarball no local data for debug@https://registry.npmjs.org/debug/-/debug-4.4.3.tgz. Extracting by manifest.
1465 silly tarball no local data for stripe@https://registry.npmjs.org/stripe/-/stripe-17.7.0.tgz. Extracting by manifest.
1466 silly tarball no local data for nodemon@https://registry.npmjs.org/nodemon/-/nodemon-3.1.14.tgz. Extracting by manifest.
1467 silly tarball no local data for nodemailer@https://registry.npmjs.org/nodemailer/-/nodemailer-6.10.1.tgz. Extracting by manifest.
1468 silly tarball no local data for xss@https://registry.npmjs.org/xss/-/xss-1.0.15.tgz. Extracting by manifest.
1469 silly tarball no local data for morgan@https://registry.npmjs.org/morgan/-/morgan-1.11.0.tgz. Extracting by manifest.
1470 silly tarball no local data for multer@https://registry.npmjs.org/multer/-/multer-1.4.5-lts.2.tgz. Extracting by manifest.
1471 silly tarball no local data for mongoose@https://registry.npmjs.org/mongoose/-/mongoose-8.24.1.tgz. Extracting by manifest.
1472 silly tarball no local data for method-override@https://registry.npmjs.org/method-override/-/method-override-3.0.0.tgz. Extracting by manifest.
1473 silly tarball no local data for jsonwebtoken@https://registry.npmjs.org/jsonwebtoken/-/jsonwebtoken-9.0.3.tgz. Extracting by manifest.
1474 silly tarball no local data for express-validator@https://registry.npmjs.org/express-validator/-/express-validator-7.3.2.tgz. Extracting by manifest.
1475 silly tarball no local data for express-rate-limit@https://registry.npmjs.org/express-rate-limit/-/express-rate-limit-7.5.1.tgz. Extracting by manifest.
1476 silly tarball no local data for express@https://registry.npmjs.org/express/-/express-4.22.2.tgz. Extracting by manifest.
1477 silly tarball no local data for helmet@https://registry.npmjs.org/helmet/-/helmet-8.3.0.tgz. Extracting by manifest.
1478 silly tarball no local data for ejs@https://registry.npmjs.org/ejs/-/ejs-3.1.10.tgz. Extracting by manifest.
1479 silly tarball no local data for csurf@https://registry.npmjs.org/csurf/-/csurf-1.11.0.tgz. Extracting by manifest.
1480 silly tarball no local data for express-session@https://registry.npmjs.org/express-session/-/express-session-1.19.0.tgz. Extracting by manifest.
1481 silly tarball no local data for connect-mongo@https://registry.npmjs.org/connect-mongo/-/connect-mongo-5.1.0.tgz. Extracting by manifest.
1482 silly tarball no local data for bcryptjs@https://registry.npmjs.org/bcryptjs/-/bcryptjs-2.4.3.tgz. Extracting by manifest.
1483 silly tarball no local data for mongodb@https://registry.npmjs.org/mongodb/-/mongodb-6.21.0.tgz. Extracting by manifest.
1484 silly tarball no local data for dotenv@https://registry.npmjs.org/dotenv/-/dotenv-16.6.1.tgz. Extracting by manifest.
1485 silly tarball no local data for safe-buffer@https://registry.npmjs.org/safe-buffer/-/safe-buffer-5.1.2.tgz. Extracting by manifest.
1486 silly tarball no local data for safe-buffer@https://registry.npmjs.org/safe-buffer/-/safe-buffer-5.1.2.tgz. Extracting by manifest.
1487 silly tarball no local data for toidentifier@https://registry.npmjs.org/toidentifier/-/toidentifier-1.0.1.tgz. Extracting by manifest.
1488 silly tarball no local data for safe-buffer@https://registry.npmjs.org/safe-buffer/-/safe-buffer-5.1.2.tgz. Extracting by manifest.
1489 silly tarball no local data for http-errors@https://registry.npmjs.org/http-errors/-/http-errors-2.0.1.tgz. Extracting by manifest.
1490 silly tarball no local data for toidentifier@https://registry.npmjs.org/toidentifier/-/toidentifier-1.0.1.tgz. Extracting by manifest.
1491 silly tarball no local data for debug@https://registry.npmjs.org/debug/-/debug-2.6.9.tgz. Extracting by manifest.
1492 silly tarball no local data for http-errors@https://registry.npmjs.org/http-errors/-/http-errors-2.0.1.tgz. Extracting by manifest.
1493 silly tarball no local data for toidentifier@https://registry.npmjs.org/toidentifier/-/toidentifier-1.0.1.tgz. Extracting by manifest.
1494 silly tarball no local data for ms@https://registry.npmjs.org/ms/-/ms-2.0.0.tgz. Extracting by manifest.
1495 silly tarball no local data for ms@https://registry.npmjs.org/ms/-/ms-2.0.0.tgz. Extracting by manifest.
1496 silly tarball no local data for ms@https://registry.npmjs.org/ms/-/ms-2.0.0.tgz. Extracting by manifest.
1497 silly tarball no local data for http-errors@https://registry.npmjs.org/http-errors/-/http-errors-2.0.1.tgz. Extracting by manifest.
1498 silly tarball no local data for debug@https://registry.npmjs.org/debug/-/debug-2.6.9.tgz. Extracting by manifest.
1499 silly tarball no local data for debug@https://registry.npmjs.org/debug/-/debug-2.6.9.tgz. Extracting by manifest.
1500 silly tarball no local data for statuses@https://registry.npmjs.org/statuses/-/statuses-1.5.0.tgz. Extracting by manifest.
1501 silly tarball no local data for balanced-match@https://registry.npmjs.org/balanced-match/-/balanced-match-4.0.4.tgz. Extracting by manifest.
1502 silly tarball no local data for depd@https://registry.npmjs.org/depd/-/depd-1.1.2.tgz. Extracting by manifest.
1503 silly tarball no local data for setprototypeof@https://registry.npmjs.org/setprototypeof/-/setprototypeof-1.1.1.tgz. Extracting by manifest.
1504 silly tarball no local data for minimatch@https://registry.npmjs.org/minimatch/-/minimatch-10.2.5.tgz. Extracting by manifest.
1505 silly tarball no local data for brace-expansion@https://registry.npmjs.org/brace-expansion/-/brace-expansion-5.0.8.tgz. Extracting by manifest.
1506 silly tarball no local data for ms@https://registry.npmjs.org/ms/-/ms-2.0.0.tgz. Extracting by manifest.
1507 silly tarball no local data for mongodb@https://registry.npmjs.org/mongodb/-/mongodb-6.20.0.tgz. Extracting by manifest.
1508 silly tarball no local data for debug@https://registry.npmjs.org/debug/-/debug-2.6.9.tgz. Extracting by manifest.
1509 silly tarball no local data for toidentifier@https://registry.npmjs.org/toidentifier/-/toidentifier-1.0.1.tgz. Extracting by manifest.
1510 silly tarball no local data for debug@https://registry.npmjs.org/debug/-/debug-2.6.9.tgz. Extracting by manifest.
1511 silly tarball no local data for cookie@https://registry.npmjs.org/cookie/-/cookie-0.7.2.tgz. Extracting by manifest.
1512 silly tarball no local data for ms@https://registry.npmjs.org/ms/-/ms-2.0.0.tgz. Extracting by manifest.
1513 silly tarball no local data for ms@https://registry.npmjs.org/ms/-/ms-2.0.0.tgz. Extracting by manifest.
1514 silly tarball no local data for http-errors@https://registry.npmjs.org/http-errors/-/http-errors-2.0.1.tgz. Extracting by manifest.
1515 silly tarball no local data for ms@https://registry.npmjs.org/ms/-/ms-2.0.0.tgz. Extracting by manifest.
1516 silly tarball no local data for cookie@https://registry.npmjs.org/cookie/-/cookie-0.7.2.tgz. Extracting by manifest.
1517 silly tarball no local data for cookie-signature@https://registry.npmjs.org/cookie-signature/-/cookie-signature-1.0.7.tgz. Extracting by manifest.
1518 silly tarball no local data for debug@https://registry.npmjs.org/debug/-/debug-3.1.0.tgz. Extracting by manifest.
1519 silly tarball no local data for http-errors@https://registry.npmjs.org/http-errors/-/http-errors-1.7.3.tgz. Extracting by manifest.
1520 silly tarball no local data for debug@https://registry.npmjs.org/debug/-/debug-2.6.9.tgz. Extracting by manifest.
1521 http fetch GET 200 https://registry.npmjs.org/punycode/-/punycode-2.3.1.tgz 75ms (cache miss)
1522 http fetch GET 200 https://registry.npmjs.org/cssfilter/-/cssfilter-0.0.10.tgz 76ms (cache miss)
1523 http fetch GET 200 https://registry.npmjs.org/random-bytes/-/random-bytes-1.0.0.tgz 76ms (cache miss)
1524 http fetch GET 200 https://registry.npmjs.org/webidl-conversions/-/webidl-conversions-7.0.0.tgz 76ms (cache miss)
1525 http fetch GET 200 https://registry.npmjs.org/tr46/-/tr46-5.1.1.tgz 78ms (cache miss)
1526 http fetch POST 200 https://registry.npmjs.org/-/npm/v1/security/advisories/bulk 102ms
1527 silly audit report {
1527 silly audit report   nodemailer: [
1527 silly audit report     {
1527 silly audit report       id: 1109804,
1527 silly audit report       url: 'https://github.com/advisories/GHSA-mm7p-fcc7-pg87',
1527 silly audit report       title: 'Nodemailer: Email to an unintended domain can occur due to Interpretation Conflict',
1527 silly audit report       severity: 'moderate',
1527 silly audit report       vulnerable_versions: '<7.0.7',
1527 silly audit report       cwe: [Array],
1527 silly audit report       cvss: [Object]
1527 silly audit report     },
1527 silly audit report     {
1527 silly audit report       id: 1120795,
1527 silly audit report       url: 'https://github.com/advisories/GHSA-268h-hp4c-crq3',
1527 silly audit report       title: 'Nodemailer: CRLF injection in Nodemailer List-* header comments allows arbitrary message header injection',
1527 silly audit report       severity: 'moderate',
1527 silly audit report       vulnerable_versions: '<=8.0.8',
1527 silly audit report       cwe: [Array],
1527 silly audit report       cvss: [Object]
1527 silly audit report     },
1527 silly audit report     {
1527 silly audit report       id: 1120796,
1527 silly audit report       url: 'https://github.com/advisories/GHSA-wqvq-jvpq-h66f',
1527 silly audit report       title: 'Nodemailer jsonTransport bypasses disableFileAccess and disableUrlAccess during message normalization',
1527 silly audit report       severity: 'moderate',
1527 silly audit report       vulnerable_versions: '<=8.0.8',
1527 silly audit report       cwe: [Array],
1527 silly audit report       cvss: [Object]
1527 silly audit report     },
1527 silly audit report     {
1527 silly audit report       id: 1120797,
1527 silly audit report       url: 'https://github.com/advisories/GHSA-r7g4-qg5f-qqm2',
1527 silly audit report       title: 'Nodemailer: Improper TLS Certificate Validation in OAuth2 Token Fetch Enables Credential Interception',
1527 silly audit report       severity: 'moderate',
1527 silly audit report       vulnerable_versions: '<=8.0.7',
1527 silly audit report       cwe: [Array],
1527 silly audit report       cvss: [Object]
1527 silly audit report     },
1527 silly audit report     {
1527 silly audit report       id: 1121191,
1527 silly audit report       url: 'https://github.com/advisories/GHSA-p6gq-j5cr-w38f',
1527 silly audit report       title: 'Nodemailer: Message-level raw option bypasses disableFileAccess/disableUrlAccess, enabling arbitrary file read and full-response SSRF in the delivered message',
1527 silly audit report       severity: 'high',
1527 silly audit report       vulnerable_versions: '<=9.0.0',
1527 silly audit report       cwe: [Array],
1527 silly audit report       cvss: [Object]
1527 silly audit report     },
1527 silly audit report     {
1527 silly audit report       id: 1115470,
1527 silly audit report       url: 'https://github.com/advisories/GHSA-c7w3-x93f-qmm8',
1527 silly audit report       title: 'Nodemailer has SMTP command injection due to unsanitized `envelope.size` parameter',
1527 silly audit report       severity: 'low',
1527 silly audit report       vulnerable_versions: '<8.0.4',
1527 silly audit report       cwe: [Array],
1527 silly audit report       cvss: [Object]
1527 silly audit report     },
1527 silly audit report     {
1527 silly audit report       id: 1116270,
1527 silly audit report       url: 'https://github.com/advisories/GHSA-vvjj-xcjg-gr5g',
1527 silly audit report       title: 'Nodemailer Vulnerable to SMTP Command Injection via CRLF in Transport name Option (EHLO/HELO) ',
1527 silly audit report       severity: 'moderate',
1527 silly audit report       vulnerable_versions: '<=8.0.4',
1527 silly audit report       cwe: [Array],
1527 silly audit report       cvss: [Object]
1527 silly audit report     },
1527 silly audit report     {
1527 silly audit report       id: 1123478,
1527 silly audit report       url: 'https://github.com/advisories/GHSA-rcmh-qjqh-p98v',
1527 silly audit report       title: 'Nodemailer’s addressparser is vulnerable to DoS caused by recursive calls',
1527 silly audit report       severity: 'high',
1527 silly audit report       vulnerable_versions: '>=3.0.0 <=7.0.10',
1527 silly audit report       cwe: [Array],
1527 silly audit report       cvss: [Object]
1527 silly audit report     }
1527 silly audit report   ],
1527 silly audit report   cookie: [
1527 silly audit report     {
1527 silly audit report       id: 1103907,
1527 silly audit report       url: 'https://github.com/advisories/GHSA-pxg6-pf52-xh8x',
1527 silly audit report       title: 'cookie accepts cookie name, path, and domain with out of bounds characters',
1527 silly audit report       severity: 'low',
1527 silly audit report       vulnerable_versions: '<0.7.0',
1527 silly audit report       cwe: [Array],
1527 silly audit report       cvss: [Object]
1527 silly audit report     }
1527 silly audit report   ]
1527 silly audit report }
1528 silly packumentCache corgi:https://registry.npmjs.org/nodemailer cache-miss
1529 silly packumentCache corgi:https://registry.npmjs.org/cookie cache-miss
1530 http fetch GET 200 https://registry.npmjs.org/commander/-/commander-2.20.3.tgz 92ms (cache miss)
1531 http fetch GET 200 https://registry.npmjs.org/has-symbols/-/has-symbols-1.1.0.tgz 98ms (cache miss)
1532 http fetch GET 200 https://registry.npmjs.org/function-bind/-/function-bind-1.1.2.tgz 127ms (cache miss)
1533 http fetch GET 200 https://registry.npmjs.org/get-proto/-/get-proto-1.0.1.tgz 127ms (cache miss)
1534 http fetch GET 200 https://registry.npmjs.org/es-object-atoms/-/es-object-atoms-1.1.2.tgz 127ms (cache miss)
1535 http fetch GET 200 https://registry.npmjs.org/gopd/-/gopd-1.2.0.tgz 128ms (cache miss)
1536 http fetch GET 200 https://registry.npmjs.org/call-bound/-/call-bound-1.0.4.tgz 127ms (cache miss)
1537 http fetch GET 200 https://registry.npmjs.org/call-bind-apply-helpers/-/call-bind-apply-helpers-1.0.2.tgz 129ms (cache miss)
1538 http fetch GET 200 https://registry.npmjs.org/side-channel-map/-/side-channel-map-1.0.1.tgz 137ms (cache miss)
1539 http fetch GET 200 https://registry.npmjs.org/get-intrinsic/-/get-intrinsic-1.3.0.tgz 152ms (cache miss)
1540 http fetch GET 200 https://registry.npmjs.org/side-channel-weakmap/-/side-channel-weakmap-1.0.2.tgz 153ms (cache miss)
1541 http fetch GET 200 https://registry.npmjs.org/media-typer/-/media-typer-0.3.0.tgz 155ms (cache miss)
1542 http fetch GET 200 https://registry.npmjs.org/hasown/-/hasown-2.0.4.tgz 152ms (cache miss)
1543 http fetch GET 200 https://registry.npmjs.org/side-channel-list/-/side-channel-list-1.0.1.tgz 160ms (cache miss)
1544 http fetch GET 200 https://registry.npmjs.org/is-number/-/is-number-7.0.0.tgz 163ms (cache miss)
1545 http fetch GET 200 https://registry.npmjs.org/dunder-proto/-/dunder-proto-1.0.1.tgz 163ms (cache miss)
1546 http fetch GET 200 https://registry.npmjs.org/has-flag/-/has-flag-3.0.0.tgz 172ms (cache miss)
1547 http fetch GET 200 https://registry.npmjs.org/undici-types/-/undici-types-8.3.0.tgz 173ms (cache miss)
1548 http fetch GET 200 https://registry.npmjs.org/object-inspect/-/object-inspect-1.13.4.tgz 172ms (cache miss)
1549 http fetch GET 200 https://registry.npmjs.org/es-errors/-/es-errors-1.3.0.tgz 182ms (cache miss)
1550 http fetch GET 200 https://registry.npmjs.org/memory-pager/-/memory-pager-1.5.0.tgz 184ms (cache miss)
1551 http fetch GET 200 https://registry.npmjs.org/mime/-/mime-1.6.0.tgz 183ms (cache miss)
1552 http fetch GET 200 https://registry.npmjs.org/string_decoder/-/string_decoder-1.1.1.tgz 184ms (cache miss)
1553 http fetch GET 200 https://registry.npmjs.org/isarray/-/isarray-1.0.0.tgz 188ms (cache miss)
1554 http fetch GET 200 https://registry.npmjs.org/util-deprecate/-/util-deprecate-1.0.2.tgz 188ms (cache miss)
1555 http fetch GET 200 https://registry.npmjs.org/core-util-is/-/core-util-is-1.0.3.tgz 190ms (cache miss)
1556 http fetch GET 200 https://registry.npmjs.org/process-nextick-args/-/process-nextick-args-2.0.1.tgz 190ms (cache miss)
1557 http fetch GET 200 https://registry.npmjs.org/math-intrinsics/-/math-intrinsics-1.1.0.tgz 192ms (cache miss)
1558 http fetch GET 200 https://registry.npmjs.org/forwarded/-/forwarded-0.2.0.tgz 203ms (cache miss)
1559 http fetch GET 200 https://registry.npmjs.org/ipaddr.js/-/ipaddr.js-1.9.1.tgz 203ms (cache miss)
1560 http fetch GET 200 https://registry.npmjs.org/es-define-property/-/es-define-property-1.0.1.tgz 214ms (cache miss)
1561 http fetch GET 200 https://registry.npmjs.org/ee-first/-/ee-first-1.1.1.tgz 214ms (cache miss)
1562 http fetch GET 200 https://registry.npmjs.org/side-channel/-/side-channel-1.1.1.tgz 216ms (cache miss)
1563 http fetch GET 200 https://registry.npmjs.org/normalize-path/-/normalize-path-3.0.0.tgz 227ms (cache miss)
1564 http fetch GET 200 https://registry.npmjs.org/readdirp/-/readdirp-3.6.0.tgz 228ms (cache miss)
1565 http fetch GET 200 https://registry.npmjs.org/is-extglob/-/is-extglob-2.1.1.tgz 228ms (cache miss)
1566 http fetch GET 200 https://registry.npmjs.org/binary-extensions/-/binary-extensions-2.3.0.tgz 228ms (cache miss)
1567 http fetch GET 200 https://registry.npmjs.org/is-glob/-/is-glob-4.0.3.tgz 228ms (cache miss)
1568 http fetch GET 200 https://registry.npmjs.org/picomatch/-/picomatch-2.3.2.tgz 229ms (cache miss)
1569 http fetch GET 200 https://registry.npmjs.org/is-binary-path/-/is-binary-path-2.1.0.tgz 229ms (cache miss)
1570 http fetch GET 200 https://registry.npmjs.org/to-regex-range/-/to-regex-range-5.0.1.tgz 229ms (cache miss)
1571 http fetch GET 200 https://registry.npmjs.org/fill-range/-/fill-range-7.1.1.tgz 235ms (cache miss)
1572 http fetch GET 200 https://registry.npmjs.org/glob-parent/-/glob-parent-5.1.2.tgz 241ms (cache miss)
1573 http fetch GET 200 https://registry.npmjs.org/@types/node/-/node-26.1.1.tgz 244ms (cache miss)
1574 http fetch GET 200 https://registry.npmjs.org/fsevents/-/fsevents-2.3.3.tgz 248ms (cache miss)
1575 http fetch GET 200 https://registry.npmjs.org/braces/-/braces-3.0.3.tgz 249ms (cache miss)
1576 http fetch GET 200 https://registry.npmjs.org/anymatch/-/anymatch-3.1.3.tgz 254ms (cache miss)
1577 http fetch GET 200 https://registry.npmjs.org/supports-color/-/supports-color-5.5.0.tgz 274ms (cache miss)
1578 http fetch GET 200 https://registry.npmjs.org/simple-update-notifier/-/simple-update-notifier-2.0.0.tgz 274ms (cache miss)
1579 http fetch GET 200 https://registry.npmjs.org/undefsafe/-/undefsafe-2.0.5.tgz 275ms (cache miss)
1580 http fetch GET 200 https://registry.npmjs.org/touch/-/touch-3.1.1.tgz 275ms (cache miss)
1581 http fetch GET 200 https://registry.npmjs.org/ignore-by-default/-/ignore-by-default-1.0.1.tgz 276ms (cache miss)
1582 http fetch GET 200 https://registry.npmjs.org/pstree.remy/-/pstree.remy-1.1.8.tgz 276ms (cache miss)
1583 http fetch GET 200 https://registry.npmjs.org/typedarray/-/typedarray-0.0.6.tgz 277ms (cache miss)
1584 http fetch GET 200 https://registry.npmjs.org/xtend/-/xtend-4.0.2.tgz 277ms (cache miss)
1585 http fetch GET 200 https://registry.npmjs.org/readable-stream/-/readable-stream-2.3.8.tgz 277ms (cache miss)
1586 http fetch GET 200 https://registry.npmjs.org/minimist/-/minimist-1.2.8.tgz 278ms (cache miss)
1587 http fetch GET 200 https://registry.npmjs.org/chokidar/-/chokidar-3.6.0.tgz 278ms (cache miss)
1588 http fetch GET 200 https://registry.npmjs.org/buffer-from/-/buffer-from-1.1.2.tgz 277ms (cache miss)
1589 http fetch GET 200 https://registry.npmjs.org/mkdirp/-/mkdirp-0.5.6.tgz 287ms (cache miss)
1590 http fetch GET 200 https://registry.npmjs.org/object-assign/-/object-assign-4.1.1.tgz 287ms (cache miss)
1591 http fetch GET 200 https://registry.npmjs.org/streamsearch/-/streamsearch-1.1.0.tgz 294ms (cache miss)
1592 http fetch GET 200 https://registry.npmjs.org/kareem/-/kareem-2.6.3.tgz 336ms (cache miss)
1593 http fetch GET 200 https://registry.npmjs.org/concat-stream/-/concat-stream-1.6.2.tgz 337ms (cache miss)
1594 http fetch GET 200 https://registry.npmjs.org/@types/whatwg-url/-/whatwg-url-11.0.5.tgz 337ms (cache miss)
1595 http fetch GET 200 https://registry.npmjs.org/append-field/-/append-field-1.0.0.tgz 339ms (cache miss)
1596 http fetch GET 200 https://registry.npmjs.org/@types/webidl-conversions/-/webidl-conversions-7.0.3.tgz 338ms (cache miss)
1597 http fetch GET 200 https://registry.npmjs.org/sparse-bitfield/-/sparse-bitfield-3.0.3.tgz 338ms (cache miss)
1598 http fetch GET 200 https://registry.npmjs.org/basic-auth/-/basic-auth-2.0.1.tgz 340ms (cache miss)
1599 http fetch GET 200 https://registry.npmjs.org/whatwg-url/-/whatwg-url-14.2.0.tgz 341ms (cache miss)
1600 http fetch GET 200 https://registry.npmjs.org/mquery/-/mquery-5.0.0.tgz 341ms (cache miss)
1601 http fetch GET 200 https://registry.npmjs.org/mongodb-connection-string-url/-/mongodb-connection-string-url-3.0.2.tgz 341ms (cache miss)
1602 http fetch GET 200 https://registry.npmjs.org/mpath/-/mpath-0.9.0.tgz 341ms (cache miss)
1603 http fetch GET 200 https://registry.npmjs.org/busboy/-/busboy-1.6.0.tgz 343ms (cache miss)
1604 http fetch GET 200 https://registry.npmjs.org/sift/-/sift-17.1.3.tgz 344ms (cache miss)
1605 http fetch GET 200 https://registry.npmjs.org/balanced-match/-/balanced-match-1.0.2.tgz 360ms (cache miss)
1606 http fetch GET 200 https://registry.npmjs.org/minimalistic-assert/-/minimalistic-assert-1.0.1.tgz 374ms (cache miss)
1607 http fetch GET 200 https://registry.npmjs.org/buffer-equal-constant-time/-/buffer-equal-constant-time-1.0.1.tgz 375ms (cache miss)
1608 http fetch GET 200 https://registry.npmjs.org/jwa/-/jwa-2.0.1.tgz 377ms (cache miss)
1609 http fetch GET 200 https://registry.npmjs.org/lodash.once/-/lodash.once-4.1.1.tgz 378ms (cache miss)
1610 http fetch GET 200 https://registry.npmjs.org/mime-db/-/mime-db-1.52.0.tgz 379ms (cache miss)
1611 http fetch GET 200 https://registry.npmjs.org/lodash.isstring/-/lodash.isstring-4.0.1.tgz 380ms (cache miss)
1612 http fetch GET 200 https://registry.npmjs.org/bn.js/-/bn.js-5.2.5.tgz 380ms (cache miss)
1613 http fetch GET 200 https://registry.npmjs.org/brace-expansion/-/brace-expansion-2.1.2.tgz 381ms (cache miss)
1614 http fetch GET 200 https://registry.npmjs.org/ecdsa-sig-formatter/-/ecdsa-sig-formatter-1.0.11.tgz 380ms (cache miss)
1615 http fetch GET 200 https://registry.npmjs.org/lodash.isplainobject/-/lodash.isplainobject-4.0.6.tgz 383ms (cache miss)
1616 http fetch GET 200 https://registry.npmjs.org/semver/-/semver-7.8.5.tgz 386ms (cache miss)
1617 http fetch GET 200 https://registry.npmjs.org/@mongodb-js/saslprep/-/saslprep-1.4.12.tgz 387ms (cache miss)
1618 http fetch GET 200 https://registry.npmjs.org/lodash.isnumber/-/lodash.isnumber-3.0.3.tgz 396ms (cache miss)
1619 http fetch GET 200 https://registry.npmjs.org/lodash.isinteger/-/lodash.isinteger-4.0.4.tgz 417ms (cache miss)
1620 http fetch GET 200 https://registry.npmjs.org/lodash.isboolean/-/lodash.isboolean-3.0.3.tgz 417ms (cache miss)
1621 http fetch GET 200 https://registry.npmjs.org/picocolors/-/picocolors-1.1.1.tgz 416ms (cache miss)
1622 http fetch GET 200 https://registry.npmjs.org/jws/-/jws-4.0.1.tgz 418ms (cache miss)
1623 http fetch GET 200 https://registry.npmjs.org/toidentifier/-/toidentifier-1.0.0.tgz 418ms (cache miss)
1624 http fetch GET 200 https://registry.npmjs.org/lodash.includes/-/lodash.includes-4.3.0.tgz 418ms (cache miss)
1625 http fetch GET 200 https://registry.npmjs.org/inherits/-/inherits-2.0.4.tgz 418ms (cache miss)
1626 http fetch GET 200 https://registry.npmjs.org/filelist/-/filelist-1.0.6.tgz 418ms (cache miss)
1627 http fetch GET 200 https://registry.npmjs.org/minimatch/-/minimatch-5.1.9.tgz 419ms (cache miss)
1628 http fetch GET 200 https://registry.npmjs.org/safer-buffer/-/safer-buffer-2.1.2.tgz 429ms (cache miss)
1629 http fetch GET 200 https://registry.npmjs.org/bson/-/bson-6.10.4.tgz 437ms (cache miss)
1630 http fetch GET 200 https://registry.npmjs.org/@jas-/asn.1/-/asn.1-5.4.2.tgz 436ms (cache miss)
1631 http fetch GET 200 https://registry.npmjs.org/unpipe/-/unpipe-1.0.0.tgz 436ms (cache miss)
1632 http fetch GET 200 https://registry.npmjs.org/async/-/async-3.2.6.tgz 447ms (cache miss)
1633 http fetch GET 200 https://registry.npmjs.org/mime-types/-/mime-types-2.1.35.tgz 466ms (cache miss)
1634 http fetch GET 200 https://registry.npmjs.org/negotiator/-/negotiator-0.6.3.tgz 467ms (cache miss)
1635 http fetch GET 200 https://registry.npmjs.org/vary/-/vary-1.1.2.tgz 468ms (cache miss)
1636 http fetch GET 200 https://registry.npmjs.org/destroy/-/destroy-1.2.0.tgz 470ms (cache miss)
1637 http fetch GET 200 https://registry.npmjs.org/type-is/-/type-is-1.6.18.tgz 471ms (cache miss)
1638 http fetch GET 200 https://registry.npmjs.org/on-headers/-/on-headers-1.1.0.tgz 473ms (cache miss)
1639 http fetch GET 200 https://registry.npmjs.org/utils-merge/-/utils-merge-1.0.1.tgz 472ms (cache miss)
1640 http fetch GET 200 https://registry.npmjs.org/bytes/-/bytes-3.1.2.tgz 473ms (cache miss)
1641 http fetch GET 200 https://registry.npmjs.org/raw-body/-/raw-body-2.5.3.tgz 476ms (cache miss)
1642 http fetch GET 200 https://registry.npmjs.org/serve-static/-/serve-static-1.16.3.tgz 476ms (cache miss)
1643 http fetch GET 200 https://registry.npmjs.org/send/-/send-0.19.2.tgz 476ms (cache miss)
1644 http fetch GET 200 https://registry.npmjs.org/setprototypeof/-/setprototypeof-1.2.0.tgz 476ms (cache miss)
1645 http fetch GET 200 https://registry.npmjs.org/validator/-/validator-13.15.35.tgz 478ms (cache miss)
1646 http fetch GET 200 https://registry.npmjs.org/iconv-lite/-/iconv-lite-0.4.24.tgz 480ms (cache miss)
1647 http fetch GET 200 https://registry.npmjs.org/range-parser/-/range-parser-1.2.1.tgz 498ms (cache miss)
1648 http fetch GET 200 https://registry.npmjs.org/proxy-addr/-/proxy-addr-2.0.7.tgz 498ms (cache miss)
1649 http fetch GET 200 https://registry.npmjs.org/safe-buffer/-/safe-buffer-5.2.1.tgz 499ms (cache miss)
1650 http fetch GET 200 https://registry.npmjs.org/merge-descriptors/-/merge-descriptors-1.0.3.tgz 504ms (cache miss)
1651 http fetch GET 200 https://registry.npmjs.org/parseurl/-/parseurl-1.3.3.tgz 506ms (cache miss)
1652 http fetch GET 200 https://registry.npmjs.org/methods/-/methods-1.1.2.tgz 509ms (cache miss)
1653 http fetch GET 200 https://registry.npmjs.org/fresh/-/fresh-0.5.2.tgz 509ms (cache miss)
1654 http fetch GET 200 https://registry.npmjs.org/path-to-regexp/-/path-to-regexp-0.1.13.tgz 509ms (cache miss)
1655 http fetch GET 200 https://registry.npmjs.org/finalhandler/-/finalhandler-1.3.2.tgz 510ms (cache miss)
1656 http fetch GET 200 https://registry.npmjs.org/on-finished/-/on-finished-2.4.1.tgz 511ms (cache miss)
1657 http fetch GET 200 https://registry.npmjs.org/encodeurl/-/encodeurl-2.0.0.tgz 511ms (cache miss)
1658 http fetch GET 200 https://registry.npmjs.org/etag/-/etag-1.8.1.tgz 513ms (cache miss)
1659 http fetch GET 200 https://registry.npmjs.org/content-type/-/content-type-1.0.5.tgz 514ms (cache miss)
1660 http fetch GET 200 https://registry.npmjs.org/qs/-/qs-6.15.3.tgz 521ms (cache miss)
1661 http fetch GET 200 https://registry.npmjs.org/depd/-/depd-2.0.0.tgz 523ms (cache miss)
1662 http fetch GET 200 https://registry.npmjs.org/escape-html/-/escape-html-1.0.3.tgz 531ms (cache miss)
1663 http fetch GET 200 https://registry.npmjs.org/body-parser/-/body-parser-1.20.6.tgz 532ms (cache miss)
1664 http fetch GET 200 https://registry.npmjs.org/ms/-/ms-2.1.3.tgz 539ms (cache miss)
1665 http fetch GET 200 https://registry.npmjs.org/accepts/-/accepts-1.3.8.tgz 541ms (cache miss)
1666 http fetch GET 200 https://registry.npmjs.org/content-disposition/-/content-disposition-0.5.4.tgz 541ms (cache miss)
1667 http fetch GET 200 https://registry.npmjs.org/array-flatten/-/array-flatten-1.1.1.tgz 542ms (cache miss)
1668 http fetch GET 200 https://registry.npmjs.org/statuses/-/statuses-2.0.2.tgz 545ms (cache miss)
1669 http fetch GET 200 https://registry.npmjs.org/rndm/-/rndm-1.2.0.tgz 545ms (cache miss)
1670 http fetch GET 200 https://registry.npmjs.org/uid-safe/-/uid-safe-2.1.5.tgz 547ms (cache miss)
1671 http fetch GET 200 https://registry.npmjs.org/tsscmp/-/tsscmp-1.0.6.tgz 548ms (cache miss)
1672 http fetch GET 200 https://registry.npmjs.org/cookie-signature/-/cookie-signature-1.0.6.tgz 549ms (cache miss)
1673 http fetch GET 200 https://registry.npmjs.org/jake/-/jake-10.9.4.tgz 552ms (cache miss)
1674 http fetch GET 200 https://registry.npmjs.org/csrf/-/csrf-3.1.0.tgz 559ms (cache miss)
1675 http fetch GET 200 https://registry.npmjs.org/cookie/-/cookie-0.4.0.tgz 559ms (cache miss)
1676 http fetch GET 200 https://registry.npmjs.org/kruptein/-/kruptein-3.4.0.tgz 560ms (cache miss)
1677 http fetch GET 200 https://registry.npmjs.org/debug/-/debug-4.4.3.tgz 576ms (cache miss)
1678 http fetch GET 200 https://registry.npmjs.org/multer/-/multer-1.4.5-lts.2.tgz 575ms (cache miss)
1679 http fetch GET 200 https://registry.npmjs.org/morgan/-/morgan-1.11.0.tgz 575ms (cache miss)
1680 warn deprecated multer@1.4.5-lts.2: Multer 1.x is impacted by a number of vulnerabilities, which have been patched in 2.x. You should upgrade to the latest 2.x version.
1681 http fetch GET 200 https://registry.npmjs.org/method-override/-/method-override-3.0.0.tgz 589ms (cache miss)
1682 http fetch GET 200 https://registry.npmjs.org/jsonwebtoken/-/jsonwebtoken-9.0.3.tgz 593ms (cache miss)
1683 http fetch GET 200 https://registry.npmjs.org/express-rate-limit/-/express-rate-limit-7.5.1.tgz 622ms (cache miss)
1684 http fetch GET 200 https://registry.npmjs.org/xss/-/xss-1.0.15.tgz 633ms (cache miss)
1685 http fetch GET 200 https://registry.npmjs.org/nodemon/-/nodemon-3.1.14.tgz 648ms (cache miss)
1686 http fetch GET 200 https://registry.npmjs.org/csurf/-/csurf-1.11.0.tgz 663ms (cache miss)
1687 warn deprecated csurf@1.11.0: This package is archived and no longer maintained. For support, visit https://github.com/expressjs/express/discussions
1688 http fetch GET 200 https://registry.npmjs.org/express-session/-/express-session-1.19.0.tgz 665ms (cache miss)
1689 http fetch GET 200 https://registry.npmjs.org/safe-buffer/-/safe-buffer-5.1.2.tgz 672ms (cache miss)
1690 http fetch GET 200 https://registry.npmjs.org/dotenv/-/dotenv-16.6.1.tgz 673ms (cache miss)
1691 http fetch GET 200 https://registry.npmjs.org/toidentifier/-/toidentifier-1.0.1.tgz 673ms (cache miss)
1692 http fetch GET 200 https://registry.npmjs.org/helmet/-/helmet-8.3.0.tgz 678ms (cache miss)
1693 http fetch GET 200 https://registry.npmjs.org/safe-buffer/-/safe-buffer-5.1.2.tgz 677ms (cache miss)
1694 http fetch GET 200 https://registry.npmjs.org/http-errors/-/http-errors-2.0.1.tgz 679ms (cache miss)
1695 http fetch GET 200 https://registry.npmjs.org/safe-buffer/-/safe-buffer-5.1.2.tgz 680ms (cache miss)
1696 http fetch GET 200 https://registry.npmjs.org/toidentifier/-/toidentifier-1.0.1.tgz 680ms (cache miss)
1697 http fetch GET 200 https://registry.npmjs.org/toidentifier/-/toidentifier-1.0.1.tgz 686ms (cache miss)
1698 http fetch GET 200 https://registry.npmjs.org/ejs/-/ejs-3.1.10.tgz 696ms (cache miss)
1699 http fetch GET 200 https://registry.npmjs.org/debug/-/debug-2.6.9.tgz 695ms (cache miss)
1700 http fetch GET 200 https://registry.npmjs.org/ms/-/ms-2.0.0.tgz 717ms (cache miss)
1701 http fetch GET 200 https://registry.npmjs.org/express/-/express-4.22.2.tgz 720ms (cache miss)
1702 http fetch GET 200 https://registry.npmjs.org/http-errors/-/http-errors-2.0.1.tgz 723ms (cache miss)
1703 http fetch GET 200 https://registry.npmjs.org/http-errors/-/http-errors-2.0.1.tgz 725ms (cache miss)
1704 http fetch GET 200 https://registry.npmjs.org/ms/-/ms-2.0.0.tgz 725ms (cache miss)
1705 http fetch GET 200 https://registry.npmjs.org/ms/-/ms-2.0.0.tgz 725ms (cache miss)
1706 http fetch GET 200 https://registry.npmjs.org/balanced-match/-/balanced-match-4.0.4.tgz 736ms (cache miss)
1707 http fetch GET 200 https://registry.npmjs.org/depd/-/depd-1.1.2.tgz 739ms (cache miss)
1708 http fetch GET 200 https://registry.npmjs.org/statuses/-/statuses-1.5.0.tgz 739ms (cache miss)
1709 http fetch GET 200 https://registry.npmjs.org/setprototypeof/-/setprototypeof-1.1.1.tgz 741ms (cache miss)
1710 http fetch GET 200 https://registry.npmjs.org/debug/-/debug-2.6.9.tgz 747ms (cache miss)
1711 http fetch GET 200 https://registry.npmjs.org/debug/-/debug-2.6.9.tgz 748ms (cache miss)
1712 http fetch GET 200 https://registry.npmjs.org/ms/-/ms-2.0.0.tgz 747ms (cache miss)
1713 http fetch GET 200 https://registry.npmjs.org/ms/-/ms-2.0.0.tgz 748ms (cache miss)
1714 http fetch GET 200 https://registry.npmjs.org/http-errors/-/http-errors-2.0.1.tgz 749ms (cache miss)
1715 http fetch GET 200 https://registry.npmjs.org/ms/-/ms-2.0.0.tgz 749ms (cache miss)
1716 http fetch GET 200 https://registry.npmjs.org/ms/-/ms-2.0.0.tgz 751ms (cache miss)
1717 http fetch GET 200 https://registry.npmjs.org/cookie/-/cookie-0.7.2.tgz 752ms (cache miss)
1718 http fetch GET 200 https://registry.npmjs.org/toidentifier/-/toidentifier-1.0.1.tgz 755ms (cache miss)
1719 http fetch GET 200 https://registry.npmjs.org/cookie-signature/-/cookie-signature-1.0.7.tgz 755ms (cache miss)
1720 http fetch GET 200 https://registry.npmjs.org/brace-expansion/-/brace-expansion-5.0.8.tgz 757ms (cache miss)
1721 http fetch GET 200 https://registry.npmjs.org/cookie/-/cookie-0.7.2.tgz 756ms (cache miss)
1722 http fetch GET 200 https://registry.npmjs.org/express-validator/-/express-validator-7.3.2.tgz 762ms (cache miss)
1723 http fetch GET 200 https://registry.npmjs.org/bcryptjs/-/bcryptjs-2.4.3.tgz 761ms (cache miss)
1724 http fetch GET 200 https://registry.npmjs.org/debug/-/debug-3.1.0.tgz 761ms (cache miss)
1725 http fetch GET 200 https://registry.npmjs.org/debug/-/debug-2.6.9.tgz 762ms (cache miss)
1726 http fetch GET 200 https://registry.npmjs.org/http-errors/-/http-errors-1.7.3.tgz 761ms (cache miss)
1727 http fetch GET 200 https://registry.npmjs.org/debug/-/debug-2.6.9.tgz 765ms (cache miss)
1728 http fetch GET 200 https://registry.npmjs.org/nodemailer/-/nodemailer-6.10.1.tgz 769ms (cache miss)
1729 http fetch GET 200 https://registry.npmjs.org/cookie 702ms (cache miss)
1730 silly packumentCache corgi:https://registry.npmjs.org/cookie set size:undefined disposed:false
1731 http fetch GET 200 https://registry.npmjs.org/debug/-/debug-2.6.9.tgz 778ms (cache miss)
1732 http fetch GET 200 https://registry.npmjs.org/nodemailer 726ms (cache miss)
1733 silly packumentCache corgi:https://registry.npmjs.org/nodemailer set size:undefined disposed:false
1734 http fetch GET 200 https://registry.npmjs.org/connect-mongo/-/connect-mongo-5.1.0.tgz 853ms (cache miss)
1735 http fetch GET 200 https://registry.npmjs.org/minimatch/-/minimatch-10.2.5.tgz 855ms (cache miss)
1736 silly packumentCache corgi:https://registry.npmjs.org/csurf cache-miss
1737 http fetch GET 200 https://registry.npmjs.org/lodash/-/lodash-4.18.1.tgz 872ms (cache miss)
1738 http fetch GET 200 https://registry.npmjs.org/csurf 46ms (cache miss)
1739 silly packumentCache corgi:https://registry.npmjs.org/csurf set size:undefined disposed:false
1740 http fetch GET 200 https://registry.npmjs.org/mongoose/-/mongoose-8.24.1.tgz 969ms (cache miss)
1741 http fetch GET 200 https://registry.npmjs.org/mongodb/-/mongodb-6.21.0.tgz 1026ms (cache miss)
1742 http fetch GET 200 https://registry.npmjs.org/mongodb/-/mongodb-6.20.0.tgz 1036ms (cache miss)
1743 http fetch GET 200 https://registry.npmjs.org/stripe/-/stripe-17.7.0.tgz 1056ms (cache miss)
1744 info run fsevents@2.3.3 install node_modules/fsevents node-gyp rebuild
1745 info run fsevents@2.3.3 install { code: 1, signal: null }
1746 verbose reify failed optional dependency /Users/adecrown/Documents/Codex/2026-07-23/files-mentioned-by-the-user-build/outputs/problem-solvers-roadside-technician/node_modules/fsevents
1747 silly reify mark deleted [
1747 silly reify   '/Users/adecrown/Documents/Codex/2026-07-23/files-mentioned-by-the-user-build/outputs/problem-solvers-roadside-technician/node_modules/fsevents'
1747 silly reify ]
1748 silly ADD node_modules/cssfilter
1749 silly ADD node_modules/commander
1750 silly ADD node_modules/punycode
1751 silly ADD node_modules/webidl-conversions
1752 silly ADD node_modules/tr46
1753 silly ADD node_modules/random-bytes
1754 silly ADD node_modules/media-typer
1755 silly ADD node_modules/is-number
1756 silly ADD node_modules/has-flag
1757 silly ADD node_modules/undici-types
1758 silly ADD node_modules/@types/node
1759 silly ADD node_modules/memory-pager
1760 silly ADD node_modules/dunder-proto
1761 silly ADD node_modules/math-intrinsics
1762 silly ADD node_modules/hasown
1763 silly ADD node_modules/has-symbols
1764 silly ADD node_modules/gopd
1765 silly ADD node_modules/get-proto
1766 silly ADD node_modules/es-object-atoms
1767 silly ADD node_modules/function-bind
1768 silly ADD node_modules/call-bind-apply-helpers
1769 silly ADD node_modules/get-intrinsic
1770 silly ADD node_modules/call-bound
1771 silly ADD node_modules/side-channel-weakmap
1772 silly ADD node_modules/side-channel-map
1773 silly ADD node_modules/side-channel-list
1774 silly ADD node_modules/object-inspect
1775 silly ADD node_modules/es-errors
1776 silly ADD node_modules/mime
1777 silly ADD node_modules/util-deprecate
1778 silly ADD node_modules/string_decoder
1779 silly ADD node_modules/string_decoder/node_modules/safe-buffer
1780 silly ADD node_modules/process-nextick-args
1781 silly ADD node_modules/isarray
1782 silly ADD node_modules/core-util-is
1783 silly ADD node_modules/side-channel
1784 silly ADD node_modules/es-define-property
1785 silly ADD node_modules/ipaddr.js
1786 silly ADD node_modules/forwarded
1787 silly ADD node_modules/ee-first
1788 silly ADD node_modules/is-extglob
1789 silly ADD node_modules/binary-extensions
1790 silly ADD node_modules/to-regex-range
1791 silly ADD node_modules/fill-range
1792 silly ADD node_modules/picomatch
1793 silly ADD node_modules/readdirp
1794 silly ADD node_modules/normalize-path
1795 silly ADD node_modules/is-glob
1796 silly ADD node_modules/is-binary-path
1797 silly ADD node_modules/glob-parent
1798 silly ADD
1799 silly ADD node_modules/braces
1800 silly ADD node_modules/anymatch
1801 silly ADD node_modules/undefsafe
1802 silly ADD node_modules/touch
1803 silly ADD node_modules/supports-color
1804 silly ADD node_modules/simple-update-notifier
1805 silly ADD node_modules/pstree.remy
1806 silly ADD node_modules/ignore-by-default
1807 silly ADD node_modules/chokidar
1808 silly ADD node_modules/minimist
1809 silly ADD node_modules/typedarray
1810 silly ADD node_modules/readable-stream
1811 silly ADD node_modules/readable-stream/node_modules/safe-buffer
1812 silly ADD node_modules/buffer-from
1813 silly ADD node_modules/streamsearch
1814 silly ADD node_modules/xtend
1815 silly ADD node_modules/object-assign
1816 silly ADD node_modules/mkdirp
1817 silly ADD node_modules/concat-stream
1818 silly ADD node_modules/busboy
1819 silly ADD node_modules/append-field
1820 silly ADD node_modules/basic-auth
1821 silly ADD node_modules/basic-auth/node_modules/safe-buffer
1822 silly ADD node_modules/sift
1823 silly ADD node_modules/mquery
1824 silly ADD node_modules/mpath
1825 silly ADD node_modules/kareem
1826 silly ADD node_modules/@types/webidl-conversions
1827 silly ADD node_modules/whatwg-url
1828 silly ADD node_modules/@types/whatwg-url
1829 silly ADD node_modules/sparse-bitfield
1830 silly ADD node_modules/mongodb-connection-string-url
1831 silly ADD node_modules/bson
1832 silly ADD node_modules/@mongodb-js/saslprep
1833 silly ADD node_modules/balanced-match
1834 silly ADD node_modules/brace-expansion
1835 silly ADD node_modules/mime-db
1836 silly ADD node_modules/minimalistic-assert
1837 silly ADD node_modules/bn.js
1838 silly ADD node_modules/@jas-/asn.1
1839 silly ADD node_modules/ecdsa-sig-formatter
1840 silly ADD node_modules/buffer-equal-constant-time
1841 silly ADD node_modules/jwa
1842 silly ADD node_modules/semver
1843 silly ADD node_modules/lodash.once
1844 silly ADD node_modules/lodash.isstring
1845 silly ADD node_modules/lodash.isplainobject
1846 silly ADD node_modules/lodash.isnumber
1847 silly ADD node_modules/lodash.isinteger
1848 silly ADD node_modules/lodash.isboolean
1849 silly ADD node_modules/lodash.includes
1850 silly ADD node_modules/jws
1851 silly ADD node_modules/minimatch
1852 silly ADD node_modules/picocolors
1853 silly ADD node_modules/filelist
1854 silly ADD node_modules/async
1855 silly ADD node_modules/safer-buffer
1856 silly ADD node_modules/toidentifier
1857 silly ADD node_modules/inherits
1858 silly ADD node_modules/validator
1859 silly ADD node_modules/lodash
1860 silly ADD node_modules/on-headers
1861 silly ADD node_modules/unpipe
1862 silly ADD node_modules/raw-body
1863 silly ADD node_modules/raw-body/node_modules/toidentifier
1864 silly ADD node_modules/raw-body/node_modules/http-errors
1865 silly ADD node_modules/iconv-lite
1866 silly ADD node_modules/destroy
1867 silly ADD node_modules/bytes
1868 silly ADD node_modules/negotiator
1869 silly ADD node_modules/mime-types
1870 silly ADD node_modules/vary
1871 silly ADD node_modules/utils-merge
1872 silly ADD node_modules/type-is
1873 silly ADD node_modules/statuses
1874 silly ADD node_modules/setprototypeof
1875 silly ADD node_modules/serve-static
1876 silly ADD node_modules/send
1877 silly ADD node_modules/send/node_modules/toidentifier
1878 silly ADD node_modules/send/node_modules/http-errors
1879 silly ADD node_modules/send/node_modules/debug
1880 silly ADD node_modules/send/node_modules/debug/node_modules/ms
1881 silly ADD node_modules/safe-buffer
1882 silly ADD node_modules/range-parser
1883 silly ADD node_modules/qs
1884 silly ADD node_modules/proxy-addr
1885 silly ADD node_modules/path-to-regexp
1886 silly ADD node_modules/parseurl
1887 silly ADD node_modules/on-finished
1888 silly ADD node_modules/methods
1889 silly ADD node_modules/merge-descriptors
1890 silly ADD node_modules/fresh
1891 silly ADD node_modules/finalhandler
1892 silly ADD node_modules/finalhandler/node_modules/ms
1893 silly ADD node_modules/finalhandler/node_modules/debug
1894 silly ADD node_modules/etag
1895 silly ADD node_modules/escape-html
1896 silly ADD node_modules/encodeurl
1897 silly ADD node_modules/depd
1898 silly ADD node_modules/content-type
1899 silly ADD node_modules/content-disposition
1900 silly ADD node_modules/body-parser
1901 silly ADD node_modules/body-parser/node_modules/toidentifier
1902 silly ADD node_modules/body-parser/node_modules/ms
1903 silly ADD node_modules/body-parser/node_modules/http-errors
1904 silly ADD node_modules/body-parser/node_modules/debug
1905 silly ADD node_modules/array-flatten
1906 silly ADD node_modules/accepts
1907 silly ADD node_modules/jake
1908 silly ADD node_modules/ms
1909 silly ADD node_modules/uid-safe
1910 silly ADD node_modules/tsscmp
1911 silly ADD node_modules/rndm
1912 silly ADD node_modules/http-errors
1913 silly ADD node_modules/http-errors/node_modules/statuses
1914 silly ADD node_modules/http-errors/node_modules/setprototypeof
1915 silly ADD node_modules/http-errors/node_modules/depd
1916 silly ADD node_modules/csrf
1917 silly ADD node_modules/cookie-signature
1918 silly ADD node_modules/cookie
1919 silly ADD node_modules/kruptein
1920 silly ADD node_modules/debug
1921 silly ADD node_modules/xss
1922 silly ADD node_modules/stripe
1923 silly ADD node_modules/nodemon
1924 silly ADD node_modules/nodemon/node_modules/balanced-match
1925 silly ADD node_modules/nodemon/node_modules/brace-expansion
1926 silly ADD node_modules/nodemon/node_modules/minimatch
1927 silly ADD node_modules/nodemailer
1928 silly ADD node_modules/multer
1929 silly ADD node_modules/morgan
1930 silly ADD node_modules/morgan/node_modules/ms
1931 silly ADD node_modules/morgan/node_modules/debug
1932 silly ADD node_modules/mongoose
1933 silly ADD node_modules/mongoose/node_modules/mongodb
1934 silly ADD node_modules/method-override
1935 silly ADD node_modules/method-override/node_modules/ms
1936 silly ADD node_modules/method-override/node_modules/debug
1937 silly ADD node_modules/jsonwebtoken
1938 silly ADD node_modules/helmet
1939 silly ADD node_modules/express-validator
1940 silly ADD node_modules/express-rate-limit
1941 silly ADD node_modules/express
1942 silly ADD node_modules/express/node_modules/toidentifier
1943 silly ADD node_modules/express/node_modules/ms
1944 silly ADD node_modules/express/node_modules/http-errors
1945 silly ADD node_modules/express/node_modules/debug
1946 silly ADD node_modules/express/node_modules/cookie
1947 silly ADD node_modules/ejs
1948 silly ADD node_modules/dotenv
1949 silly ADD node_modules/csurf
1950 silly ADD node_modules/express-session
1951 silly ADD node_modules/express-session/node_modules/ms
1952 silly ADD node_modules/express-session/node_modules/debug
1953 silly ADD node_modules/express-session/node_modules/cookie-signature
1954 silly ADD node_modules/express-session/node_modules/cookie
1955 silly ADD node_modules/mongodb
1956 silly ADD node_modules/connect-mongo
1957 silly ADD node_modules/bcryptjs
1958 verbose cwd /Users/adecrown/Documents/Codex/2026-07-23/files-mentioned-by-the-user-build/outputs/problem-solvers-roadside-technician
1959 verbose os Darwin 24.1.0
1960 verbose node v23.6.0
1961 verbose npm  v10.9.2
1962 notice
1962 notice New major version of npm available! 10.9.2 -> 12.0.1
1962 notice Changelog: https://github.com/npm/cli/releases/tag/v12.0.1
1962 notice To update run: npm install -g npm@12.0.1
1962 notice  { force: true, [Symbol(proc-log.meta)]: true }
1963 verbose exit 0
1964 info ok
